0 0.639062 0.971875 0.640625 0.973438 0.642188 0.973438 0.640625 0.973438
0 0.846875 0.95625 0.846875 0.957812 0.848438 0.959375 0.848438 0.95625
0 0.359375 0.95625 0.359375 0.957812 0.360938 0.957812 0.360938 0.95625
0 0.046875 0.529688 0.045312 0.53125 0.04375 0.53125 0.04375 0.532812 0.040625 0.535938 0.026562 0.535938 0.025 0.5375 0.017188 0.5375 0.017188 0.539062 0.015625 0.540625 0.014062 0.540625 0.017188 0.54375 0.017188 0.545312 0.021875 0.55 0.021875 0.551562 0.026562 0.55625 0.026562 0.557812 0.028125 0.559375 0.0375 0.559375 0.039062 0.557812 0.039062 0.554688 0.042188 0.551562 0.042188 0.546875 0.04375 0.545312 0.04375 0.542188 0.045312 0.540625 0.045312 0.535938 0.046875 0.534375
0 0.215625 0.498438 0.214062 0.5 0.214062 0.501562 0.210938 0.504687 0.214062 0.501562 0.214062 0.5
0 0.060938 0.428125 0.060938 0.432812 0.0625 0.434375 0.060938 0.432812
0 0.160938 0.29375 0.160938 0.295312 0.1625 0.295312 0.1625 0.29375
0 0.204688 0.2875 0.204688 0.289062 0.20625 0.289062 0.20625 0.2875
0 0.15625 0.26875 0.15625 0.270312 0.157812 0.270312 0.157812 0.26875
0 0.125 0.265625 0.126562 0.265625 0.128125 0.267188 0.129688 0.267188 0.128125 0.267188 0.126562 0.265625
0 0.115625 0.260938 0.117188 0.260938 0.11875 0.2625 0.11875 0.264062 0.120312 0.264062 0.120312 0.2625 0.11875 0.2625 0.117188 0.260938
0 0.185938 0.254688 0.185938 0.264062 0.18125 0.26875 0.167188 0.26875 0.167188 0.270312 0.182812 0.270312 0.182812 0.26875 0.185938 0.265625
0 0.192188 0.235938 0.19375 0.2375 0.19375 0.239062 0.19375 0.2375
0 0.185938 0.217188 0.185938 0.221875 0.189062 0.225 0.189062 0.226562 0.190625 0.228125 0.192188 0.228125 0.195312 0.23125 0.195312 0.232812 0.196875 0.234375 0.198438 0.234375 0.2 0.235938 0.201562 0.235938 0.203125 0.2375 0.203125 0.239062 0.204688 0.239062 0.20625 0.240625 0.217188 0.240625 0.217188 0.235938 0.21875 0.234375 0.21875 0.221875 0.217188 0.220312 0.217188 0.21875 0.217188 0.220312 0.21875 0.221875 0.21875 0.234375 0.215625 0.2375 0.215625 0.239062 0.214062 0.240625 0.20625 0.240625 0.204688 0.239062 0.204688 0.2375 0.203125 0.235938 0.201562 0.235938 0.198438 0.232812 0.198438 0.23125 0.196875 0.23125 0.19375 0.228125 0.192188 0.228125 0.190625 0.226562 0.190625 0.225 0.189062 0.225 0.1875 0.223438 0.1875 0.221875 0.185938 0.220312
0 0.179688 0.20625 0.179688 0.207812 0.182812 0.210938 0.182812 0.209375 0.18125 0.207812 0.18125 0.20625
0 0.19375 0.2 0.19375 0.201562 0.192188 0.203125 0.190625 0.203125 0.1875 0.20625 0.1875 0.207812 0.185938 0.209375 0.185938 0.210938 0.185938 0.209375 0.1875 0.207812 0.1875 0.20625 0.190625 0.203125 0.192188 0.203125 0.19375 0.201562 0.2 0.201562 0.204688 0.20625 0.204688 0.207812 0.207812 0.210938 0.209375 0.210938 0.210938 0.2125 0.210938 0.214062 0.214062 0.217188 0.210938 0.214062 0.210938 0.2125 0.209375 0.210938 0.207812 0.210938 0.204688 0.207812 0.204688 0.20625 0.2 0.201562 0.2 0.2
0 0.167188 0.2 0.167188 0.201562 0.16875 0.203125 0.167188 0.201562
0 0.154688 0.178125 0.151562 0.18125 0.151562 0.182812 0.153125 0.182812 0.153125 0.18125 0.15625 0.178125
0 0.710938 0.0 0.710938 0.023438 0.709375 0.025 0.709375 0.028125 0.70625 0.03125 0.70625 0.034375 0.703125 0.0375 0.703125 0.040625 0.7 0.04375 0.7 0.046875 0.696875 0.05 0.696875 0.053125 0.69375 0.05625 0.69375 0.059375 0.690625 0.0625 0.690625 0.064062 0.685938 0.06875 0.685938 0.073438 0.6875 0.075 0.6875 0.078125 0.689062 0.079688 0.689062 0.082812 0.690625 0.084375 0.690625 0.085938 0.692188 0.0875 0.692188 0.092188 0.69375 0.09375 0.69375 0.101562 0.695312 0.103125 0.695312 0.142188 0.69375 0.14375 0.69375 0.148438 0.692188 0.15 0.692188 0.176562 0.689062 0.179688 0.689062 0.189062 0.6875 0.190625 0.6875 0.195312 0.684375 0.198438 0.684375 0.203125 0.682812 0.204688 0.682812 0.207812 0.68125 0.209375 0.68125 0.210938 0.679688 0.2125 0.679688 0.215625 0.676562 0.21875 0.676562 0.221875 0.673438 0.225 0.673438 0.226562 0.671875 0.228125 0.671875 0.229688 0.670312 0.23125 0.670312 0.232812 0.665625 0.2375 0.665625 0.239062 0.660938 0.24375 0.660938 0.245312 0.659375 0.246875 0.659375 0.248438 0.657812 0.25 0.657812 0.251563 0.65625 0.253125 0.65625 0.254688 0.654688 0.25625 0.654688 0.257812 0.653125 0.259375 0.651562 0.259375 0.648438 0.2625 0.648438 0.264062 0.64375 0.26875 0.64375 0.270312 0.642188 0.271875 0.640625 0.271875 0.6375 0.275 0.6375 0.276562 0.632812 0.28125 0.632812 0.282812 0.628125 0.2875 0.628125 0.290625 0.625 0.29375 0.625 0.295312 0.620312 0.3 0.61875 0.3 0.61875 0.303125 0.615625 0.30625 0.615625 0.307812 0.610938 0.3125 0.610938 0.314062 0.609375 0.315625 0.609375 0.317188 0.607812 0.31875 0.607812 0.320312 0.60625 0.321875 0.60625 0.323438 0.604688 0.325 0.604688 0.332812 0.601562 0.335938 0.601562 0.339062 0.598438 0.342188 0.598438 0.345312 0.59375 0.35 0.59375 0.351562 0.589062 0.35625 0.589062 0.357812 0.5875 0.359375 0.585938 0.359375 0.584375 0.360938 0.584375 0.364062 0.58125 0.367188 0.58125 0.373438 0.579688 0.375 0.579688 0.378125 0.576562 0.38125 0.576562 0.384375 0.575 0.385938 0.575 0.390625 0.576562 0.392188 0.576562 0.395312 0.578125 0.396875 0.578125 0.398438 0.579688 0.4 0.579688 0.403125 0.58125 0.404688 0.58125 0.407812 0.582812 0.409375 0.582812 0.420312 0.58125 0.421875 0.58125 0.423438 0.579688 0.425 0.579688 0.426562 0.575 0.43125 0.575 0.432812 0.570312 0.4375 0.570312 0.439062 0.56875 0.440625 0.56875 0.442188 0.567188 0.44375 0.567188 0.451562 0.564062 0.454688 0.564062 0.457812 0.559375 0.4625 0.559375 0.464062 0.557812 0.465625 0.55625 0.465625 0.553125 0.46875 0.540625 0.46875 0.539062 0.467188 0.5375 0.467188 0.5375 0.471875 0.534375 0.475 0.534375 0.478125 0.53125 0.48125 0.529688 0.48125 0.529688 0.482812 0.526562 0.485938 0.517188 0.485938 0.514062 0.482812 0.514062 0.48125 0.5125 0.48125 0.509375 0.478125 0.509375 0.475 0.507812 0.473438 0.507812 0.471875 0.50625 0.470312 0.50625 0.467188 0.503125 0.467188 0.501562 0.465625 0.495312 0.465625 0.49375 0.464062 0.49375 0.4625 0.492188 0.4625 0.489062 0.459375 0.4875 0.459375 0.485938 0.457812 0.485938 0.45625 0.484375 0.454688 0.484375 0.453125 0.482812 0.451562 0.482812 0.448438 0.48125 0.446875 0.48125 0.43125 0.479688 0.429688 0.476562 0.429688 0.475 0.428125 0.46875 0.428125 0.467188 0.426562 0.467188 0.425 0.465625 0.423438 0.464062 0.423438 0.460938 0.420312 0.460938 0.417188 0.459375 0.415625 0.459375 0.4125 0.457812 0.410938 0.457812 0.39375 0.459375 0.392188 0.459375 0.390625 0.460938 0.389062 0.460938 0.3875 0.465625 0.382812 0.465625 0.38125 0.467188 0.379688 0.46875 0.379688 0.470312 0.378125 0.476562 0.378125 0.478125 0.379688 0.479688 0.379688 0.48125 0.38125 0.48125 0.382812 0.484375 0.382812 0.484375 0.38125 0.489062 0.376562 0.489062 0.375 0.490625 0.373438 0.490625 0.36875 0.489062 0.367188 0.489062 0.359375 0.4875 0.357812 0.4875 0.35625 0.485938 0.354688 0.485938 0.353125 0.484375 0.351562 0.484375 0.348438 0.482812 0.346875 0.482812 0.342188 0.48125 0.340625 0.48125 0.3375 0.479688 0.335938 0.479688 0.33125 0.478125 0.329688 0.478125 0.328125 0.476562 0.328125 0.475 0.326562 0.475 0.325 0.473438 0.323438 0.471875 0.323438 0.46875 0.320312 0.46875 0.317188 0.467188 0.315625 0.467188 0.3125 0.465625 0.310938 0.465625 0.3 0.467188 0.298438 0.467188 0.296875 0.46875 0.295312 0.46875 0.29375 0.470312 0.292188 0.470312 0.290625 0.471875 0.289062 0.473438 0.289062 0.473438 0.2875 0.475 0.285938 0.476562 0.285938 0.478125 0.284375 0.484375 0.284375 0.485938 0.285938 0.501562 0.285938 0.503125 0.284375 0.503125 0.28125 0.501562 0.279688 0.501562 0.267188 0.503125 0.265625 0.503125 0.2625 0.507812 0.257812 0.507812 0.25625 0.510938 0.253125 0.5125 0.253125 0.514062 0.251563 0.528125 0.251563 0.528125 0.240625 0.529688 0.239062 0.529688 0.234375 0.528125 0.232812 0.528125 0.23125 0.526562 0.23125 0.526562 0.232812 0.523438 0.235938 0.5125 0.235938 0.510938 0.234375 0.509375 0.234375 0.507812 0.232812 0.507812 0.23125 0.50625 0.23125 0.50625 0.232812 0.501562 0.2375 0.498438 0.2375 0.498438 0.239062 0.495312 0.242188 0.482812 0.242188 0.48125 0.240625 0.459375 0.240625 0.457812 0.239062 0.457812 0.2375 0.45625 0.235938 0.454688 0.235938 0.451562 0.232812 0.451562 0.23125 0.45 0.229688 0.45 0.228125 0.448438 0.226562 0.448438 0.223438 0.446875 0.221875 0.446875 0.21875 0.445312 0.217188 0.442188 0.217188 0.440625 0.215625 0.439062 0.215625 0.435938 0.21875 0.435938 0.220312 0.432812 0.223438 0.43125 0.223438 0.429688 0.225 0.429688 0.226562 0.428125 0.228125 0.41875 0.228125 0.417188 0.226562 0.417188 0.225 0.415625 0.223438 0.414062 0.223438 0.4125 0.221875 0.4125 0.192188 0.410938 0.192188 0.409375 0.190625 0.40625 0.190625 0.404688 0.189062 0.404688 0.1875 0.4 0.1875 0.4 0.189062 0.398438 0.190625 0.396875 0.190625 0.395312 0.192188 0.384375 0.192188 0.382812 0.190625 0.378125 0.190625 0.376562 0.189062 0.376562 0.1875 0.365625 0.1875 0.365625 0.189062 0.364062 0.190625 0.365625 0.192188 0.365625 0.207812 0.3625 0.210938 0.3625 0.214062 0.359375 0.217188 0.357812 0.217188 0.35625 0.21875 0.35625 0.220312 0.354688 0.221875 0.345312 0.221875 0.34375 0.223438 0.321875 0.223438 0.31875 0.220312 0.31875 0.21875 0.317188 0.21875 0.3125 0.214062 0.3125 0.210938 0.310938 0.209375 0.310938 0.20625 0.307812 0.203125 0.307812 0.2 0.30625 0.198438 0.30625 0.196875 0.304688 0.196875 0.303125 0.195312 0.303125 0.19375 0.3 0.19375 0.298438 0.192188 0.28125 0.192188 0.279688 0.190625 0.275 0.190625 0.273438 0.189062 0.273438 0.1875 0.253125 0.1875 0.251563 0.185938 0.242188 0.185938 0.240625 0.184375 0.234375 0.184375 0.232812 0.182812 0.232812 0.18125 0.228125 0.18125 0.226562 0.179688 0.225 0.179688 0.221875 0.176562 0.221875 0.175 0.220312 0.175 0.215625 0.170312 0.215625 0.16875 0.214062 0.16875 0.2125 0.167188 0.210938 0.167188 0.209375 0.165625 0.207812 0.165625 0.20625 0.164062 0.20625 0.1625 0.204688 0.160938 0.201562 0.160938 0.2 0.159375 0.190625 0.159375 0.189062 0.160938 0.185938 0.160938 0.184375 0.1625 0.18125 0.1625 0.18125 0.164062 0.179688 0.165625 0.178125 0.165625 0.176562 0.167188 0.175 0.167188 0.173438 0.16875 0.171875 0.16875 0.171875 0.170312 0.170312 0.171875 0.167188 0.171875 0.164062 0.175 0.164062 0.176562 0.1625 0.178125 0.159375 0.178125 0.160938 0.178125 0.1625 0.179688 0.165625 0.179688 0.167188 0.18125 0.167188 0.182812 0.175 0.182812 0.175 0.18125 0.179688 0.176562 0.179688 0.175 0.18125 0.173438 0.1875 0.173438 0.189062 0.175 0.189062 0.176562 0.192188 0.176562 0.196875 0.18125 0.196875 0.182812 0.201562 0.1875 0.201562 0.189062 0.20625 0.19375 0.20625 0.195312 0.207812 0.195312 0.209375 0.196875 0.210938 0.196875 0.214062 0.2 0.214062 0.201562 0.215625 0.201562 0.21875 0.204688 0.220312 0.204688 0.221875 0.20625 0.221875 0.207812 0.226562 0.2125 0.226562 0.217188 0.228125 0.21875 0.228125 0.221875 0.229688 0.221875 0.232812 0.225 0.232812 0.226562 0.234375 0.228125 0.235938 0.228125 0.239062 0.23125 0.239062 0.232812 0.240625 0.232812 0.245312 0.2375 0.245312 0.239062 0.246875 0.239062 0.248438 0.240625 0.25 0.240625 0.253125 0.24375 0.253125 0.245312 0.25625 0.248438 0.25625 0.259375 0.257812 0.260938 0.257812 0.271875 0.259375 0.273438 0.259375 0.279688 0.259375 0.278125 0.260938 0.276562 0.2625 0.276562 0.2625 0.275 0.265625 0.271875 0.26875 0.271875 0.271875 0.275 0.271875 0.276562 0.273438 0.278125 0.273438 0.279688 0.275 0.28125 0.275 0.301562 0.273438 0.303125 0.273438 0.317188 0.275 0.31875 0.275 0.323438 0.276562 0.325 0.276562 0.332812 0.278125 0.334375 0.278125 0.364062 0.279688 0.365625 0.279688 0.379688 0.28125 0.38125 0.28125 0.384375 0.282812 0.385938 0.282812 0.390625 0.284375 0.392188 0.284375 0.396875 0.28125 0.4 0.28125 0.401562 0.276562 0.40625 0.275 0.40625 0.275 0.407812 0.273438 0.409375 0.271875 0.409375 0.26875 0.4125 0.26875 0.415625 0.267188 0.417188 0.267188 0.420312 0.26875 0.421875 0.26875 0.423438 0.270312 0.425 0.270312 0.432812 0.26875 0.434375 0.26875 0.435938 0.267188 0.4375 0.267188 0.439062 0.265625 0.440625 0.265625 0.442188 0.264062 0.44375 0.264062 0.445312 0.2625 0.446875 0.2625 0.448438 0.260938 0.45 0.260938 0.453125 0.259375 0.454688 0.259375 0.457812 0.257812 0.459375 0.257812 0.460938 0.25625 0.4625 0.25625 0.464062 0.254688 0.465625 0.254688 0.467188 0.253125 0.46875 0.253125 0.473438 0.251563 0.475 0.251563 0.478125 0.25 0.479688 0.25 0.482812 0.245312 0.4875 0.229688 0.4875 0.229688 0.489062 0.228125 0.490625 0.226562 0.490625 0.225 0.492188 0.225 0.495312 0.220312 0.5 0.220312 0.501562 0.215625 0.50625 0.215625 0.507812 0.210938 0.5125 0.209375 0.5125 0.209375 0.514062 0.210938 0.515625 0.210938 0.517188 0.2125 0.51875 0.2125 0.520312 0.214062 0.521875 0.214062 0.523438 0.215625 0.525 0.215625 0.528125 0.217188 0.529688 0.217188 0.532812 0.220312 0.535938 0.220312 0.539062 0.221875 0.540625 0.221875 0.542188 0.223438 0.54375 0.223438 0.546875 0.225 0.548438 0.225 0.553125 0.226562 0.554688 0.226562 0.557812 0.228125 0.559375 0.228125 0.560938 0.229688 0.5625 0.229688 0.565625 0.23125 0.567188 0.23125 0.570312 0.232812 0.571875 0.232812 0.573438 0.234375 0.575 0.234375 0.579688 0.235938 0.58125 0.235938 0.584375 0.2375 0.585938 0.2375 0.589062 0.239062 0.590625 0.239062 0.592188 0.240625 0.59375 0.240625 0.596875 0.242188 0.598438 0.242188 0.601562 0.246875 0.60625 0.246875 0.607812 0.248438 0.609375 0.248438 0.610938 0.25 0.6125 0.25 0.614062 0.253125 0.617188 0.253125 0.620312 0.25625 0.623438 0.25625 0.626562 0.257812 0.628125 0.257812 0.629688 0.259375 0.63125 0.259375 0.632812 0.260938 0.634375 0.260938 0.635938 0.2625 0.6375 0.2625 0.639062 0.264062 0.639062 0.267188 0.642188 0.26875 0.642188 0.270312 0.64375 0.270312 0.645312 0.275 0.65 0.275 0.651562 0.279688 0.65625 0.279688 0.659375 0.282812 0.6625 0.282812 0.665625 0.285938 0.66875 0.285938 0.670312 0.290625 0.675 0.290625 0.676562 0.295312 0.68125 0.295312 0.682812 0.296875 0.682812 0.301562 0.6875 0.301562 0.689062 0.30625 0.69375 0.30625 0.695312 0.309375 0.698438 0.309375 0.701562 0.314062 0.70625 0.314062 0.707812 0.31875 0.7125 0.31875 0.714062 0.320312 0.715625 0.321875 0.715625 0.325 0.71875 0.325 0.720312 0.326562 0.720312 0.33125 0.725 0.33125 0.726562 0.334375 0.729688 0.335938 0.729688 0.3375 0.73125 0.3375 0.732812 0.340625 0.735938 0.342188 0.735938 0.34375 0.7375 0.34375 0.739062 0.346875 0.739062 0.35 0.742188 0.351562 0.742188 0.353125 0.74375 0.353125 0.745312 0.35625 0.745312 0.359375 0.748438 0.360938 0.748438 0.3625 0.75 0.3625 0.751562 0.364062 0.753125 0.36875 0.753125 0.370312 0.754688 0.379688 0.754688 0.38125 0.75625 0.38125 0.757812 0.384375 0.757812 0.385938 0.759375 0.390625 0.759375 0.392188 0.760938 0.395312 0.760938 0.396875 0.7625 0.396875 0.764062 0.398438 0.764062 0.401562 0.767188 0.403125 0.767188 0.404688 0.76875 0.404688 0.770312 0.40625 0.770312 0.407812 0.771875 0.410938 0.771875 0.4125 0.773438 0.414062 0.773438 0.415625 0.775 0.415625 0.776562 0.417188 0.776562 0.420312 0.779688 0.421875 0.779688 0.423438 0.78125 0.423438 0.782812 0.428125 0.782812 0.429688 0.784375 0.432812 0.784375 0.434375 0.785938 0.470312 0.785938 0.471875 0.7875 0.471875 0.789062 0.5125 0.789062 0.5125 0.7875 0.514062 0.785938 0.526562 0.785938 0.528125 0.784375 0.53125 0.784375 0.532812 0.782812 0.535938 0.782812 0.535938 0.78125 0.5375 0.779688 0.540625 0.779688 0.542188 0.778125 0.54375 0.778125 0.545312 0.776562 0.546875 0.776562 0.546875 0.775 0.551562 0.770312 0.553125 0.770312 0.553125 0.76875 0.55625 0.765625 0.557812 0.765625 0.559375 0.764062 0.560938 0.764062 0.560938 0.7625 0.565625 0.757812 0.565625 0.75625 0.567188 0.754688 0.56875 0.754688 0.571875 0.751562 0.573438 0.751562 0.573438 0.75 0.575 0.748438 0.576562 0.748438 0.579688 0.745312 0.58125 0.745312 0.58125 0.74375 0.582812 0.742188 0.584375 0.742188 0.5875 0.739062 0.589062 0.739062 0.589062 0.7375 0.590625 0.735938 0.592188 0.735938 0.59375 0.734375 0.595312 0.734375 0.596875 0.732812 0.6 0.732812 0.6 0.73125 0.601562 0.729688 0.604688 0.729688 0.607812 0.726562 0.607812 0.725 0.6125 0.720312 0.6125 0.71875 0.614062 0.717188 0.614062 0.715625 0.615625 0.714062 0.615625 0.7125 0.620312 0.707812 0.620312 0.704688 0.621875 0.703125 0.623438 0.703125 0.623438 0.7 0.628125 0.695312 0.628125 0.692188 0.63125 0.689062 0.63125 0.6875 0.634375 0.684375 0.634375 0.68125 0.639062 0.676562 0.639062 0.673438 0.642188 0.670312 0.642188 0.667188 0.645312 0.664062 0.645312 0.660938 0.646875 0.659375 0.646875 0.65625 0.65 0.653125 0.65 0.65 0.653125 0.646875 0.653125 0.64375 0.65625 0.640625 0.65625 0.6375 0.657812 0.635938 0.659375 0.635938 0.659375 0.634375 0.660938 0.632812 0.660938 0.629688 0.6625 0.628125 0.6625 0.623438 0.664062 0.621875 0.664062 0.61875 0.665625 0.617188 0.665625 0.6125 0.667188 0.610938 0.667188 0.609375 0.66875 0.607812 0.66875 0.603125 0.670312 0.601562 0.670312 0.596875 0.671875 0.595312 0.671875 0.592188 0.673438 0.590625 0.673438 0.585938 0.675 0.584375 0.675 0.578125 0.676562 0.576562 0.676562 0.571875 0.678125 0.570312 0.678125 0.567188 0.679688 0.565625 0.679688 0.5625 0.68125 0.560938 0.68125 0.559375 0.682812 0.557812 0.682812 0.553125 0.684375 0.551562 0.684375 0.54375 0.685938 0.542188 0.685938 0.540625 0.6875 0.539062 0.6875 0.535938 0.689062 0.534375 0.689062 0.53125 0.690625 0.529688 0.690625 0.525 0.692188 0.523438 0.692188 0.521875 0.69375 0.520312 0.69375 0.517188 0.695312 0.515625 0.695312 0.5125 0.696875 0.510938 0.696875 0.509375 0.698438 0.507812 0.698438 0.504687 0.7 0.503125 0.7 0.5 0.701562 0.498438 0.701562 0.496875 0.703125 0.495312 0.703125 0.49375 0.704688 0.492188 0.704688 0.490625 0.70625 0.489062 0.70625 0.485938 0.707812 0.484375 0.707812 0.48125 0.709375 0.479688 0.709375 0.478125 0.710938 0.476562 0.710938 0.475 0.7125 0.473438 0.7125 0.471875 0.714062 0.470312 0.714062 0.465625 0.715625 0.464062 0.715625 0.459375 0.717188 0.457812 0.717188 0.454688 0.71875 0.453125 0.71875 0.448438 0.720312 0.446875 0.720312 0.44375 0.721875 0.442188 0.721875 0.440625 0.723438 0.439062 0.723438 0.435938 0.725 0.434375 0.725 0.43125 0.726562 0.429688 0.726562 0.423438 0.728125 0.421875 0.728125 0.417188 0.729688 0.415625 0.729688 0.410938 0.73125 0.409375 0.73125 0.403125 0.732812 0.401562 0.732812 0.39375 0.734375 0.392188 0.734375 0.3875 0.735938 0.385938 0.735938 0.379688 0.7375 0.378125 0.7375 0.373438 0.739062 0.371875 0.739062 0.367188 0.740625 0.365625 0.740625 0.360938 0.742188 0.359375 0.742188 0.353125 0.74375 0.351562 0.74375 0.34375 0.745312 0.342188 0.745312 0.3375 0.746875 0.335938 0.746875 0.33125 0.748438 0.329688 0.748438 0.328125 0.75 0.326562 0.75 0.321875 0.751562 0.320312 0.751562 0.317188 0.753125 0.315625 0.753125 0.310938 0.754688 0.309375 0.754688 0.30625 0.75625 0.304688 0.75625 0.303125 0.757812 0.301562 0.757812 0.296875 0.759375 0.295312 0.759375 0.290625 0.760938 0.289062 0.760938 0.285938 0.7625 0.284375 0.7625 0.28125 0.764062 0.279688 0.764062 0.278125 0.765625 0.276562 0.765625 0.273438 0.76875 0.270312 0.76875 0.267188 0.770312 0.265625 0.770312 0.2625 0.773438 0.259375 0.773438 0.25625 0.776562 0.253125 0.776562 0.25 0.778125 0.248438 0.778125 0.24375 0.779688 0.242188 0.779688 0.240625 0.78125 0.239062 0.78125 0.235938 0.782812 0.234375 0.782812 0.23125 0.784375 0.229688 0.784375 0.223438 0.785938 0.221875 0.785938 0.21875 0.7875 0.217188 0.7875 0.2125 0.789062 0.210938 0.789062 0.20625 0.790625 0.204688 0.790625 0.203125 0.792188 0.201562 0.792188 0.198438 0.79375 0.196875 0.79375 0.19375 0.796875 0.190625 0.796875 0.1875 0.801562 0.182812 0.801562 0.179688 0.803125 0.178125 0.803125 0.175 0.804688 0.173438 0.804688 0.171875 0.80625 0.170312 0.80625 0.16875 0.807812 0.167188 0.807812 0.165625 0.809375 0.164062 0.809375 0.160938 0.810938 0.159375 0.810938 0.154688 0.8125 0.153125 0.8125 0.15 0.814062 0.148438 0.814062 0.146875 0.815625 0.145312 0.815625 0.142188 0.817188 0.140625 0.817188 0.1375 0.820312 0.134375 0.820312 0.13125 0.821875 0.129688 0.821875 0.128125 0.823438 0.126562 0.823438 0.123438 0.825 0.121875 0.825 0.11875 0.828125 0.115625 0.828125 0.1125 0.83125 0.109375 0.83125 0.10625 0.835938 0.101562 0.8375 0.101562 0.8375 0.098438 0.840625 0.095312 0.840625 0.09375 0.84375 0.090625 0.84375 0.0875 0.846875 0.084375 0.846875 0.08125 0.851562 0.076562 0.851562 0.075 0.854688 0.071875 0.854688 0.06875 0.85625 0.067188 0.857812 0.067188 0.860938 0.064062 0.860938 0.0625 0.865625 0.057812 0.865625 0.05625 0.86875 0.053125 0.86875 0.05 0.870312 0.048438 0.871875 0.048438 0.873438 0.046875 0.873438 0.04375 0.878125 0.039062 0.878125 0.0375 0.882812 0.032812 0.884375 0.032812 0.884375 0.03125 0.8875 0.028125 0.889062 0.028125 0.889062 0.025 0.890625 0.023438 0.892188 0.023438 0.895312 0.020312 0.896875 0.020312 0.896875 0.01875 0.898438 0.017188 0.9 0.017188 0.901562 0.015625 0.903125 0.015625 0.904688 0.014062 0.909375 0.014062 0.909375 0.0125 0.910938 0.010938 0.917188 0.010938 0.91875 0.009375 0.926562 0.009375 0.928125 0.007812 0.934375 0.007812 0.934375 0.00625 0.935938 0.004688 0.94375 0.004688 0.945312 0.003125 0.995312 0.003125 0.996875 0.004688 0.998438 0.004688 0.998438 0.0
0 0.021875 0.0 0.021875 0.001562 0.025 0.004688 0.026562 0.004688 0.028125 0.00625 0.028125 0.007812 0.029688 0.009375 0.029688 0.010938 0.03125 0.0125 0.03125 0.015625 0.032812 0.017188 0.032812 0.028125 0.029688 0.03125 0.029688 0.034375 0.026562 0.0375 0.025 0.0375 0.025 0.039062 0.020312 0.04375 0.020312 0.045312 0.01875 0.046875 0.01875 0.048438 0.017188 0.05 0.017188 0.051562 0.015625 0.053125 0.015625 0.054688 0.014062 0.05625 0.014062 0.064062 0.0125 0.065625 0.0125 0.071875 0.010938 0.073438 0.010938 0.079688 0.009375 0.08125 0.009375 0.095312 0.010938 0.096875 0.010938 0.101562 0.015625 0.10625 0.015625 0.109375 0.017188 0.110938 0.017188 0.114062 0.01875 0.115625 0.01875 0.117188 0.020312 0.11875 0.020312 0.121875 0.021875 0.123438 0.021875 0.126562 0.023438 0.128125 0.023438 0.134375 0.025 0.135938 0.025 0.140625 0.026562 0.142188 0.026562 0.146875 0.028125 0.148438 0.028125 0.165625 0.029688 0.167188 0.029688 0.232812 0.028125 0.234375 0.028125 0.253125 0.026562 0.254688 0.026562 0.271875 0.025 0.273438 0.025 0.279688 0.023438 0.28125 0.023438 0.298438 0.021875 0.3 0.021875 0.309375 0.020312 0.310938 0.020312 0.317188 0.01875 0.31875 0.01875 0.328125 0.017188 0.329688 0.017188 0.342188 0.015625 0.34375 0.015625 0.351562 0.014062 0.353125 0.014062 0.371875 0.0125 0.373438 0.0125 0.409375 0.010938 0.410938 0.010938 0.421875 0.009375 0.423438 0.009375 0.435938 0.007812 0.4375 0.007812 0.440625 0.00625 0.442188 0.00625 0.451562 0.004688 0.453125 0.004688 0.457812 0.003125 0.459375 0.003125 0.464062 0.001562 0.465625 0.0 0.465625 0.0 0.496875 0.009375 0.496875 0.010938 0.495312 0.015625 0.495312 0.015625 0.49375 0.017188 0.492188 0.020312 0.492188 0.021875 0.490625 0.023438 0.490625 0.025 0.489062 0.025 0.4875 0.029688 0.482812 0.03125 0.482812 0.03125 0.48125 0.032812 0.479688 0.040625 0.479688 0.042188 0.48125 0.042188 0.482812 0.04375 0.482812 0.045312 0.484375 0.046875 0.484375 0.05 0.4875 0.05 0.490625 0.051562 0.492188 0.051562 0.495312 0.053125 0.496875 0.053125 0.501562 0.054688 0.501562 0.059375 0.50625 0.059375 0.507812 0.060938 0.509375 0.060938 0.510938 0.0625 0.5125 0.0625 0.521875 0.064062 0.523438 0.064062 0.528125 0.065625 0.529688 0.065625 0.535938 0.064062 0.5375 0.064062 0.540625 0.0625 0.542188 0.0625 0.546875 0.060938 0.548438 0.060938 0.551562 0.059375 0.553125 0.059375 0.554688 0.057812 0.55625 0.057812 0.560938 0.05625 0.5625 0.05625 0.564062 0.054688 0.565625 0.057812 0.56875 0.057812 0.570312 0.059375 0.570312 0.064062 0.575 0.064062 0.576562 0.065625 0.578125 0.067188 0.578125 0.070312 0.58125 0.070312 0.582812 0.073438 0.582812 0.078125 0.5875 0.078125 0.589062 0.079688 0.590625 0.079688 0.592188 0.08125 0.59375 0.08125 0.595312 0.079688 0.596875 0.079688 0.598438 0.078125 0.6 0.078125 0.601562 0.075 0.604688 0.073438 0.604688 0.071875 0.60625 0.070312 0.60625 0.06875 0.604688 0.067188 0.604688 0.065625 0.603125 0.064062 0.603125 0.0625 0.601562 0.0625 0.6 0.060938 0.6 0.059375 0.598438 0.057812 0.598438 0.054688 0.595312 0.054688 0.59375 0.05 0.589062 0.05 0.5875 0.048438 0.5875 0.046875 0.585938 0.045312 0.5875 0.045312 0.592188 0.04375 0.59375 0.04375 0.596875 0.042188 0.598438 0.042188 0.607812 0.040625 0.609375 0.040625 0.610938 0.039062 0.6125 0.039062 0.614062 0.035938 0.617188 0.034375 0.617188 0.032812 0.61875 0.03125 0.617188 0.029688 0.617188 0.026562 0.614062 0.026562 0.6125 0.025 0.610938 0.025 0.60625 0.023438 0.604688 0.023438 0.6 0.021875 0.598438 0.021875 0.59375 0.020312 0.592188 0.020312 0.585938 0.017188 0.582812 0.017188 0.579688 0.015625 0.578125 0.015625 0.575 0.010938 0.570312 0.010938 0.567188 0.007812 0.564062 0.007812 0.5625 0.004688 0.559375 0.0 0.559375 0.0 0.709375 0.003125 0.709375 0.004688 0.707812 0.00625 0.707812 0.00625 0.70625 0.010938 0.701562 0.010938 0.7 0.0125 0.698438 0.0125 0.696875 0.014062 0.695312 0.014062 0.69375 0.015625 0.692188 0.015625 0.690625 0.017188 0.689062 0.017188 0.6875 0.01875 0.685938 0.01875 0.684375 0.020312 0.682812 0.020312 0.679688 0.023438 0.676562 0.023438 0.675 0.025 0.673438 0.028125 0.673438 0.029688 0.671875 0.040625 0.671875 0.042188 0.670312 0.04375 0.670312 0.04375 0.66875 0.048438 0.664062 0.05 0.664062 0.05 0.6625 0.051562 0.660938 0.054688 0.660938 0.05625 0.659375 0.060938 0.659375 0.0625 0.660938 0.070312 0.660938 0.071875 0.659375 0.071875 0.654688 0.075 0.651562 0.075 0.65 0.078125 0.646875 0.08125 0.646875 0.082812 0.645312 0.109375 0.645312 0.110938 0.646875 0.115625 0.646875 0.117188 0.648438 0.120312 0.648438 0.121875 0.65 0.121875 0.651562 0.126562 0.65625 0.126562 0.659375 0.128125 0.660938 0.128125 0.664062 0.128125 0.6625 0.129688 0.660938 0.129688 0.65625 0.13125 0.654688 0.13125 0.653125 0.132812 0.651562 0.132812 0.65 0.135938 0.646875 0.142188 0.646875 0.145312 0.65 0.145312 0.651562 0.146875 0.653125 0.146875 0.654688 0.148438 0.65625 0.148438 0.665625 0.15 0.667188 0.15 0.670312 0.151562 0.671875 0.151562 0.679688 0.153125 0.68125 0.153125 0.685938 0.154688 0.6875 0.154688 0.695312 0.15625 0.696875 0.15625 0.698438 0.157812 0.7 0.157812 0.704688 0.159375 0.70625 0.159375 0.709375 0.1625 0.7125 0.1625 0.714062 0.167188 0.71875 0.167188 0.720312 0.170312 0.723438 0.170312 0.726562 0.171875 0.728125 0.170312 0.729688 0.170312 0.732812 0.165625 0.7375 0.164062 0.7375 0.164062 0.739062 0.1625 0.740625 0.160938 0.740625 0.159375 0.739062 0.159375 0.7375 0.157812 0.7375 0.15625 0.735938 0.153125 0.735938 0.151562 0.734375 0.146875 0.734375 0.145312 0.732812 0.145312 0.73125 0.135938 0.73125 0.135938 0.732812 0.132812 0.735938 0.132812 0.739062 0.129688 0.742188 0.129688 0.746875 0.128125 0.748438 0.128125 0.759375 0.129688 0.760938 0.129688 0.764062 0.13125 0.765625 0.13125 0.767188 0.132812 0.767188 0.134375 0.76875 0.134375 0.770312 0.135938 0.770312 0.1375 0.771875 0.157812 0.771875 0.159375 0.770312 0.159375 0.760938 0.160938 0.759375 0.160938 0.754688 0.164062 0.751562 0.164062 0.75 0.16875 0.745312 0.171875 0.745312 0.171875 0.74375 0.173438 0.742188 0.178125 0.742188 0.179688 0.74375 0.179688 0.745312 0.185938 0.745312 0.1875 0.746875 0.190625 0.746875 0.19375 0.75 0.19375 0.751562 0.195312 0.753125 0.195312 0.754688 0.196875 0.75625 0.196875 0.759375 0.195312 0.760938 0.195312 0.764062 0.190625 0.76875 0.190625 0.770312 0.192188 0.771875 0.19375 0.771875 0.195312 0.773438 0.198438 0.773438 0.2 0.775 0.2 0.776562 0.204688 0.78125 0.204688 0.782812 0.209375 0.7875 0.209375 0.789062 0.210938 0.790625 0.210938 0.792188 0.2125 0.79375 0.2125 0.795312 0.214062 0.796875 0.215625 0.796875 0.217188 0.798438 0.232812 0.798438 0.234375 0.8 0.234375 0.801562 0.2375 0.804688 0.239062 0.804688 0.242188 0.801562 0.24375 0.801562 0.24375 0.8 0.245312 0.798438 0.246875 0.798438 0.248438 0.796875 0.25 0.796875 0.251563 0.795312 0.251563 0.79375 0.253125 0.792188 0.260938 0.792188 0.2625 0.79375 0.2625 0.795312 0.265625 0.798438 0.265625 0.801562 0.267188 0.803125 0.265625 0.804688 0.265625 0.807812 0.260938 0.8125 0.260938 0.814062 0.257812 0.817188 0.25625 0.817188 0.254688 0.81875 0.253125 0.81875 0.253125 0.820312 0.251563 0.821875 0.25 0.821875 0.246875 0.825 0.245312 0.825 0.245312 0.826562 0.24375 0.828125 0.242188 0.828125 0.240625 0.829688 0.239062 0.829688 0.240625 0.83125 0.240625 0.832812 0.245312 0.832812 0.245312 0.83125 0.246875 0.829688 0.25 0.829688 0.251563 0.828125 0.259375 0.828125 0.260938 0.829688 0.267188 0.829688 0.26875 0.83125 0.26875 0.832812 0.271875 0.832812 0.276562 0.8375 0.276562 0.840625 0.278125 0.842188 0.278125 0.845312 0.276562 0.846875 0.278125 0.848438 0.28125 0.848438 0.282812 0.85 0.282812 0.851562 0.284375 0.851562 0.289062 0.85625 0.289062 0.857812 0.29375 0.8625 0.29375 0.864062 0.295312 0.864062 0.296875 0.865625 0.3 0.865625 0.303125 0.86875 0.303125 0.870312 0.307812 0.875 0.307812 0.876562 0.309375 0.878125 0.309375 0.879688 0.310938 0.88125 0.310938 0.882812 0.3125 0.884375 0.314062 0.884375 0.317188 0.8875 0.317188 0.889062 0.31875 0.890625 0.321875 0.890625 0.323438 0.892188 0.325 0.892188 0.328125 0.889062 0.328125 0.8875 0.332812 0.882812 0.335938 0.882812 0.335938 0.88125 0.3375 0.879688 0.339062 0.879688 0.340625 0.88125 0.340625 0.882812 0.34375 0.882812 0.348438 0.8875 0.348438 0.889062 0.35 0.890625 0.35 0.892188 0.351562 0.89375 0.351562 0.904688 0.35 0.90625 0.35 0.909375 0.346875 0.9125 0.346875 0.914062 0.34375 0.917188 0.342188 0.917188 0.340625 0.91875 0.339062 0.91875 0.339062 0.920312 0.3375 0.921875 0.3375 0.942188 0.339062 0.94375 0.339062 0.945312 0.340625 0.946875 0.340625 0.948438 0.34375 0.948438 0.34375 0.946875 0.345312 0.945312 0.345312 0.940625 0.346875 0.939062 0.346875 0.9375 0.351562 0.932812 0.354688 0.932812 0.354688 0.93125 0.35625 0.929688 0.357812 0.929688 0.359375 0.93125 0.359375 0.932812 0.3625 0.932812 0.3625 0.93125 0.364062 0.929688 0.365625 0.929688 0.367188 0.928125 0.367188 0.925 0.371875 0.920312 0.371875 0.91875 0.373438 0.917188 0.376562 0.917188 0.378125 0.915625 0.38125 0.915625 0.382812 0.914062 0.395312 0.914062 0.395312 0.9125 0.4 0.907812 0.403125 0.907812 0.403125 0.90625 0.404688 0.904688 0.40625 0.904688 0.407812 0.90625 0.407812 0.907812 0.410938 0.907812 0.4125 0.909375 0.415625 0.909375 0.417188 0.910938 0.41875 0.910938 0.420312 0.9125 0.420312 0.914062 0.421875 0.914062 0.425 0.917188 0.426562 0.917188 0.428125 0.91875 0.428125 0.920312 0.429688 0.920312 0.434375 0.925 0.434375 0.926562 0.439062 0.93125 0.439062 0.932812 0.440625 0.934375 0.440625 0.935938 0.442188 0.9375 0.442188 0.940625 0.44375 0.942188 0.44375 0.945312 0.446875 0.948438 0.446875 0.951562 0.448438 0.953125 0.448438 0.954688 0.45 0.95625 0.45 0.964062 0.451562 0.965625 0.451562 0.967188 0.453125 0.967188 0.454688 0.96875 0.454688 0.970312 0.45625 0.970312 0.457812 0.971875 0.459375 0.971875 0.460938 0.973438 0.460938 0.965625 0.4625 0.964062 0.4625 0.959375 0.464062 0.957812 0.464062 0.95625 0.46875 0.951562 0.476562 0.951562 0.48125 0.95625 0.48125 0.957812 0.482812 0.959375 0.482812 0.960938 0.484375 0.9625 0.484375 0.965625 0.485938 0.967188 0.485938 0.970312 0.490625 0.975 0.490625 0.976562 0.492188 0.978125 0.492188 0.979688 0.49375 0.98125 0.49375 0.982812 0.492188 0.984375 0.492188 0.989062 0.490625 0.990625 0.490625 0.995312 0.489062 0.996875 0.489062 0.998438 0.53125 0.998438 0.53125 0.99375 0.535938 0.989062 0.535938 0.9875 0.540625 0.982812 0.540625 0.979688 0.54375 0.976562 0.54375 0.975 0.545312 0.973438 0.545312 0.971875 0.546875 0.970312 0.546875 0.96875 0.55 0.965625 0.551562 0.965625 0.553125 0.964062 0.553125 0.9625 0.554688 0.960938 0.55625 0.960938 0.559375 0.957812 0.560938 0.957812 0.560938 0.95625 0.565625 0.951562 0.565625 0.95 0.570312 0.945312 0.570312 0.94375 0.573438 0.940625 0.575 0.940625 0.576562 0.939062 0.576562 0.9375 0.579688 0.934375 0.582812 0.934375 0.584375 0.932812 0.585938 0.932812 0.585938 0.93125 0.5875 0.929688 0.590625 0.929688 0.592188 0.928125 0.596875 0.928125 0.598438 0.926562 0.620312 0.926562 0.621875 0.928125 0.625 0.928125 0.628125 0.93125 0.628125 0.932812 0.63125 0.932812 0.634375 0.935938 0.635938 0.935938 0.6375 0.9375 0.6375 0.939062 0.642188 0.94375 0.642188 0.945312 0.64375 0.945312 0.648438 0.95 0.648438 0.951562 0.65 0.953125 0.651562 0.953125 0.653125 0.954688 0.654688 0.954688 0.65625 0.95625 0.65625 0.957812 0.657812 0.957812 0.659375 0.959375 0.676562 0.959375 0.678125 0.960938 0.68125 0.960938 0.682812 0.9625 0.682812 0.964062 0.684375 0.964062 0.685938 0.965625 0.689062 0.965625 0.690625 0.967188 0.69375 0.967188 0.695312 0.96875 0.695312 0.970312 0.696875 0.971875 0.698438 0.971875 0.701562 0.975 0.701562 0.976562 0.70625 0.98125 0.70625 0.982812 0.709375 0.985938 0.710938 0.985938 0.7125 0.9875 0.7125 0.989062 0.717188 0.99375 0.717188 0.995312 0.720312 0.995312 0.723438 0.998438 0.998438 0.998438 0.998438 0.88125 0.996875 0.879688 0.995312 0.879688 0.99375 0.878125 0.992188 0.878125 0.990625 0.876562 0.990625 0.875 0.9875 0.871875 0.985938 0.871875 0.984375 0.870312 0.984375 0.86875 0.979688 0.864062 0.979688 0.860938 0.976562 0.857812 0.976562 0.85625 0.973438 0.853125 0.973438 0.842188 0.976562 0.839062 0.976562 0.8375 0.978125 0.835938 0.9875 0.835938 0.989062 0.8375 0.989062 0.839062 0.990625 0.839062 0.99375 0.842188 0.995312 0.842188 0.996875 0.84375 0.996875 0.845312 0.998438 0.845312 0.998438 0.80625 0.99375 0.801562 0.99375 0.8 0.992188 0.8 0.989062 0.796875 0.9875 0.796875 0.985938 0.795312 0.985938 0.79375 0.98125 0.789062 0.98125 0.7875 0.979688 0.785938 0.979688 0.779688 0.982812 0.776562 0.982812 0.775 0.985938 0.771875 0.99375 0.771875 0.995312 0.773438 0.996875 0.773438 0.998438 0.775 0.998438 0.776562 0.998438 0.478125 0.996875 0.479688 0.995312 0.479688 0.99375 0.48125 0.99375 0.482812 0.989062 0.4875 0.989062 0.489062 0.9875 0.490625 0.985938 0.490625 0.982812 0.49375 0.982812 0.495312 0.979688 0.498438 0.978125 0.498438 0.976562 0.5 0.976562 0.501562 0.975 0.503125 0.973438 0.503125 0.971875 0.504687 0.9625 0.504687 0.9625 0.507812 0.965625 0.510938 0.965625 0.514062 0.967188 0.515625 0.967188 0.517188 0.96875 0.51875 0.96875 0.520312 0.971875 0.523438 0.971875 0.526562 0.973438 0.528125 0.973438 0.529688 0.975 0.53125 0.975 0.532812 0.976562 0.534375 0.976562 0.535938 0.978125 0.5375 0.978125 0.542188 0.979688 0.54375 0.979688 0.554688 0.978125 0.55625 0.978125 0.557812 0.973438 0.5625 0.973438 0.564062 0.970312 0.567188 0.970312 0.576562 0.971875 0.578125 0.971875 0.595312 0.970312 0.596875 0.970312 0.601562 0.967188 0.604688 0.967188 0.607812 0.965625 0.609375 0.965625 0.610938 0.964062 0.6125 0.964062 0.617188 0.9625 0.61875 0.9625 0.623438 0.960938 0.625 0.960938 0.628125 0.959375 0.629688 0.959375 0.632812 0.957812 0.634375 0.957812 0.635938 0.959375 0.6375 0.959375 0.653125 0.960938 0.654688 0.960938 0.667188 0.9625 0.66875 0.9625 0.678125 0.964062 0.679688 0.964062 0.696875 0.965625 0.698438 0.965625 0.710938 0.967188 0.7125 0.967188 0.735938 0.965625 0.7375 0.965625 0.742188 0.964062 0.74375 0.964062 0.745312 0.960938 0.748438 0.948438 0.748438 0.946875 0.75 0.946875 0.795312 0.945312 0.796875 0.965625 0.796875 0.967188 0.798438 0.970312 0.798438 0.971875 0.8 0.971875 0.801562 0.973438 0.801562 0.975 0.803125 0.978125 0.803125 0.979688 0.804688 0.98125 0.804688 0.982812 0.80625 0.982812 0.807812 0.984375 0.809375 0.984375 0.814062 0.979688 0.81875 0.976562 0.81875 0.976562 0.820312 0.975 0.821875 0.971875 0.821875 0.975 0.825 0.975 0.829688 0.973438 0.83125 0.973438 0.832812 0.971875 0.834375 0.953125 0.834375 0.953125 0.853125 0.954688 0.854688 0.954688 0.864062 0.95625 0.865625 0.95625 0.890625 0.953125 0.89375 0.953125 0.895312 0.948438 0.9 0.94375 0.9 0.94375 0.901562 0.942188 0.903125 0.940625 0.903125 0.940625 0.904688 0.939062 0.90625 0.939062 0.909375 0.940625 0.910938 0.940625 0.917188 0.942188 0.91875 0.942188 0.928125 0.940625 0.929688 0.940625 0.932812 0.935938 0.9375 0.935938 0.939062 0.93125 0.94375 0.929688 0.94375 0.929688 0.945312 0.928125 0.946875 0.926562 0.946875 0.925 0.948438 0.923438 0.948438 0.921875 0.95 0.920312 0.95 0.920312 0.951562 0.91875 0.953125 0.91875 0.959375 0.917188 0.960938 0.917188 0.967188 0.915625 0.96875 0.915625 0.970312 0.9125 0.973438 0.904688 0.973438 0.903125 0.975 0.8875 0.975 0.8875 0.976562 0.882812 0.98125 0.882812 0.982812 0.878125 0.9875 0.876562 0.9875 0.876562 0.989062 0.875 0.990625 0.865625 0.990625 0.864062 0.989062 0.864062 0.9875 0.859375 0.982812 0.859375 0.98125 0.85625 0.978125 0.848438 0.978125 0.846875 0.976562 0.846875 0.975 0.84375 0.975 0.842188 0.973438 0.840625 0.973438 0.8375 0.970312 0.8375 0.96875 0.835938 0.967188 0.835938 0.965625 0.834375 0.964062 0.834375 0.953125 0.832812 0.951562 0.832812 0.946875 0.83125 0.945312 0.83125 0.94375 0.829688 0.942188 0.829688 0.940625 0.828125 0.939062 0.828125 0.9375 0.826562 0.9375 0.821875 0.932812 0.821875 0.929688 0.81875 0.926562 0.81875 0.925 0.814062 0.920312 0.814062 0.91875 0.8125 0.91875 0.807812 0.914062 0.807812 0.90625 0.8125 0.901562 0.8125 0.898438 0.810938 0.896875 0.810938 0.89375 0.809375 0.892188 0.809375 0.842188 0.807812 0.840625 0.807812 0.834375 0.79375 0.834375 0.792188 0.832812 0.792188 0.83125 0.790625 0.829688 0.785938 0.829688 0.782812 0.826562 0.782812 0.821875 0.784375 0.820312 0.784375 0.81875 0.785938 0.817188 0.789062 0.817188 0.790625 0.815625 0.79375 0.815625 0.795312 0.814062 0.798438 0.814062 0.798438 0.8125 0.8 0.810938 0.801562 0.810938 0.8 0.809375 0.798438 0.810938 0.79375 0.810938 0.792188 0.809375 0.790625 0.809375 0.789062 0.807812 0.789062 0.80625 0.785938 0.803125 0.785938 0.8 0.78125 0.795312 0.78125 0.79375 0.776562 0.789062 0.776562 0.7875 0.773438 0.784375 0.773438 0.78125 0.770312 0.778125 0.770312 0.767188 0.773438 0.764062 0.773438 0.7625 0.775 0.760938 0.78125 0.760938 0.782812 0.7625 0.782812 0.764062 0.784375 0.765625 0.785938 0.765625 0.7875 0.767188 0.789062 0.767188 0.790625 0.76875 0.790625 0.770312 0.795312 0.775 0.795312 0.776562 0.8 0.78125 0.8 0.784375 0.803125 0.7875 0.803125 0.790625 0.804688 0.792188 0.804688 0.796875 0.8125 0.796875 0.810938 0.795312 0.810938 0.790625 0.8125 0.789062 0.8125 0.7625 0.814062 0.760938 0.814062 0.717188 0.815625 0.715625 0.815625 0.692188 0.817188 0.690625 0.817188 0.654688 0.814062 0.651562 0.814062 0.621875 0.8125 0.620312 0.8125 0.55 0.814062 0.548438 0.814062 0.5375 0.815625 0.535938 0.815625 0.534375 0.817188 0.532812 0.817188 0.525 0.81875 0.523438 0.81875 0.51875 0.821875 0.515625 0.821875 0.5125 0.826562 0.507812 0.826562 0.50625 0.828125 0.504687 0.828125 0.503125 0.829688 0.501562 0.829688 0.5 0.834375 0.495312 0.834375 0.49375 0.839062 0.489062 0.839062 0.4875 0.842188 0.484375 0.84375 0.484375 0.845312 0.482812 0.845312 0.48125 0.85 0.476562 0.85 0.475 0.854688 0.470312 0.854688 0.46875 0.859375 0.464062 0.859375 0.4625 0.864062 0.457812 0.864062 0.45625 0.865625 0.454688 0.867188 0.454688 0.867188 0.453125 0.86875 0.451562 0.86875 0.45 0.873438 0.445312 0.873438 0.442188 0.876562 0.439062 0.876562 0.4375 0.878125 0.435938 0.879688 0.435938 0.882812 0.432812 0.882812 0.43125 0.885938 0.428125 0.885938 0.425 0.884375 0.423438 0.884375 0.4125 0.875 0.4125 0.875 0.414062 0.873438 0.415625 0.857812 0.415625 0.85625 0.414062 0.85625 0.4125 0.853125 0.409375 0.853125 0.403125 0.854688 0.401562 0.854688 0.4 0.857812 0.396875 0.860938 0.396875 0.8625 0.395312 0.870312 0.395312 0.870312 0.39375 0.871875 0.392188 0.875 0.392188 0.875 0.390625 0.873438 0.389062 0.873438 0.3875 0.864062 0.3875 0.859375 0.382812 0.859375 0.375 0.864062 0.370312 0.867188 0.370312 0.867188 0.36875 0.86875 0.367188 0.870312 0.367188 0.870312 0.365625 0.871875 0.364062 0.871875 0.360938 0.875 0.357812 0.875 0.35625 0.878125 0.353125 0.885938 0.353125 0.8875 0.354688 0.890625 0.354688 0.890625 0.353125 0.892188 0.351562 0.892188 0.35 0.89375 0.348438 0.89375 0.340625 0.892188 0.339062 0.892188 0.335938 0.890625 0.334375 0.890625 0.33125 0.889062 0.329688 0.889062 0.321875 0.890625 0.320312 0.890625 0.31875 0.89375 0.315625 0.895312 0.315625 0.896875 0.314062 0.896875 0.3125 0.892188 0.307812 0.892188 0.29375 0.896875 0.289062 0.898438 0.289062 0.898438 0.2875 0.9 0.285938 0.907812 0.285938 0.909375 0.284375 0.9125 0.284375 0.914062 0.282812 0.914062 0.265625 0.915625 0.264062 0.915625 0.260938 0.91875 0.257812 0.91875 0.25625 0.920312 0.254688 0.93125 0.254688 0.932812 0.25625 0.932812 0.257812 0.934375 0.257812 0.935938 0.259375 0.9375 0.259375 0.939062 0.257812 0.939062 0.248438 0.940625 0.246875 0.940625 0.242188 0.94375 0.239062 0.94375 0.2375 0.948438 0.232812 0.948438 0.23125 0.95 0.229688 0.953125 0.229688 0.954688 0.228125 0.973438 0.228125 0.975 0.226562 0.975 0.221875 0.976562 0.220312 0.976562 0.21875 0.98125 0.214062 0.984375 0.214062 0.984375 0.20625 0.985938 0.204688 0.985938 0.203125 0.9875 0.201562 0.9875 0.2 0.989062 0.198438 0.989062 0.196875 0.990625 0.195312 0.990625 0.19375 0.995312 0.189062 0.998438 0.189062 0.998438 0.078125 0.996875 0.078125 0.995312 0.076562 0.995312 0.075 0.99375 0.075 0.989062 0.070312 0.989062 0.06875 0.9875 0.06875 0.984375 0.065625 0.957812 0.065625 0.95625 0.067188 0.948438 0.067188 0.946875 0.06875 0.939062 0.06875 0.939062 0.070312 0.9375 0.071875 0.929688 0.071875 0.928125 0.073438 0.923438 0.073438 0.921875 0.075 0.91875 0.075 0.91875 0.076562 0.917188 0.078125 0.915625 0.078125 0.915625 0.079688 0.914062 0.08125 0.914062 0.084375 0.910938 0.0875 0.910938 0.089062 0.909375 0.090625 0.909375 0.092188 0.907812 0.09375 0.907812 0.095312 0.904688 0.098438 0.904688 0.101562 0.901562 0.104688 0.901562 0.107812 0.896875 0.1125 0.896875 0.115625 0.89375 0.11875 0.89375 0.120312 0.892188 0.121875 0.892188 0.123438 0.890625 0.125 0.890625 0.128125 0.8875 0.13125 0.8875 0.132812 0.885938 0.134375 0.885938 0.135938 0.884375 0.1375 0.884375 0.140625 0.882812 0.142188 0.882812 0.145312 0.88125 0.146875 0.88125 0.151562 0.879688 0.153125 0.879688 0.154688 0.878125 0.15625 0.878125 0.159375 0.876562 0.160938 0.876562 0.165625 0.875 0.167188 0.875 0.170312 0.871875 0.173438 0.871875 0.176562 0.870312 0.178125 0.870312 0.179688 0.86875 0.18125 0.86875 0.182812 0.867188 0.184375 0.867188 0.189062 0.865625 0.190625 0.865625 0.195312 0.864062 0.196875 0.864062 0.201562 0.8625 0.203125 0.8625 0.207812 0.860938 0.209375 0.860938 0.210938 0.859375 0.2125 0.859375 0.217188 0.857812 0.21875 0.857812 0.221875 0.85625 0.223438 0.85625 0.226562 0.854688 0.228125 0.854688 0.229688 0.853125 0.23125 0.853125 0.235938 0.851562 0.2375 0.851562 0.240625 0.85 0.242188 0.85 0.245312 0.848438 0.246875 0.848438 0.248438 0.846875 0.25 0.846875 0.254688 0.845312 0.25625 0.845312 0.259375 0.842188 0.2625 0.842188 0.265625 0.840625 0.267188 0.840625 0.270312 0.839062 0.271875 0.839062 0.273438 0.8375 0.275 0.8375 0.278125 0.835938 0.279688 0.835938 0.282812 0.832812 0.285938 0.832812 0.289062 0.83125 0.290625 0.83125 0.292188 0.829688 0.29375 0.829688 0.295312 0.826562 0.298438 0.826562 0.301562 0.825 0.303125 0.825 0.304688 0.823438 0.30625 0.823438 0.309375 0.820312 0.3125 0.820312 0.315625 0.81875 0.317188 0.81875 0.320312 0.817188 0.321875 0.817188 0.323438 0.815625 0.325 0.815625 0.328125 0.814062 0.329688 0.814062 0.332812 0.810938 0.335938 0.810938 0.339062 0.807812 0.342188 0.807812 0.345312 0.80625 0.346875 0.80625 0.348438 0.804688 0.35 0.804688 0.354688 0.803125 0.35625 0.803125 0.359375 0.801562 0.360938 0.801562 0.364062 0.798438 0.367188 0.798438 0.371875 0.796875 0.373438 0.796875 0.376562 0.795312 0.378125 0.795312 0.379688 0.79375 0.38125 0.79375 0.384375 0.792188 0.385938 0.792188 0.392188 0.790625 0.39375 0.790625 0.398438 0.789062 0.4 0.789062 0.403125 0.7875 0.404688 0.7875 0.407812 0.785938 0.409375 0.785938 0.410938 0.784375 0.4125 0.784375 0.415625 0.782812 0.417188 0.782812 0.421875 0.78125 0.423438 0.78125 0.426562 0.779688 0.428125 0.779688 0.429688 0.778125 0.43125 0.778125 0.434375 0.776562 0.435938 0.776562 0.440625 0.775 0.442188 0.775 0.446875 0.773438 0.448438 0.773438 0.451562 0.771875 0.453125 0.771875 0.459375 0.770312 0.460938 0.770312 0.465625 0.76875 0.467188 0.76875 0.470312 0.767188 0.471875 0.767188 0.473438 0.765625 0.475 0.765625 0.476562 0.764062 0.478125 0.764062 0.479688 0.7625 0.48125 0.7625 0.485938 0.760938 0.4875 0.760938 0.490625 0.759375 0.492188 0.759375 0.495312 0.75625 0.498438 0.75625 0.501562 0.754688 0.503125 0.754688 0.504687 0.753125 0.50625 0.753125 0.509375 0.75 0.5125 0.75 0.517188 0.748438 0.51875 0.748438 0.521875 0.746875 0.523438 0.746875 0.529688 0.745312 0.53125 0.745312 0.535938 0.74375 0.5375 0.74375 0.542188 0.742188 0.54375 0.742188 0.548438 0.740625 0.55 0.740625 0.554688 0.739062 0.55625 0.739062 0.559375 0.7375 0.560938 0.7375 0.565625 0.735938 0.567188 0.735938 0.571875 0.734375 0.573438 0.734375 0.578125 0.732812 0.579688 0.732812 0.582812 0.73125 0.584375 0.73125 0.585938 0.729688 0.5875 0.729688 0.590625 0.728125 0.592188 0.728125 0.595312 0.726562 0.596875 0.726562 0.598438 0.725 0.6 0.725 0.607812 0.723438 0.609375 0.723438 0.615625 0.721875 0.617188 0.721875 0.621875 0.720312 0.623438 0.720312 0.628125 0.71875 0.629688 0.71875 0.632812 0.717188 0.634375 0.717188 0.635938 0.715625 0.6375 0.715625 0.639062 0.714062 0.640625 0.714062 0.642188 0.7125 0.64375 0.7125 0.646875 0.709375 0.65 0.709375 0.653125 0.70625 0.65625 0.70625 0.659375 0.704688 0.660938 0.704688 0.664062 0.701562 0.667188 0.701562 0.670312 0.698438 0.673438 0.698438 0.676562 0.696875 0.678125 0.696875 0.679688 0.695312 0.68125 0.695312 0.684375 0.692188 0.6875 0.692188 0.689062 0.689062 0.692188 0.689062 0.695312 0.684375 0.7 0.684375 0.701562 0.679688 0.70625 0.679688 0.707812 0.676562 0.710938 0.676562 0.714062 0.675 0.715625 0.675 0.717188 0.673438 0.71875 0.673438 0.720312 0.670312 0.723438 0.670312 0.726562 0.665625 0.73125 0.665625 0.732812 0.664062 0.734375 0.664062 0.735938 0.6625 0.7375 0.6625 0.739062 0.657812 0.74375 0.657812 0.746875 0.654688 0.75 0.654688 0.751562 0.65 0.75625 0.65 0.757812 0.648438 0.759375 0.648438 0.760938 0.646875 0.7625 0.646875 0.764062 0.642188 0.76875 0.642188 0.770312 0.6375 0.775 0.6375 0.776562 0.632812 0.78125 0.63125 0.78125 0.63125 0.782812 0.626562 0.7875 0.626562 0.789062 0.621875 0.79375 0.621875 0.795312 0.617188 0.8 0.617188 0.801562 0.615625 0.803125 0.614062 0.803125 0.610938 0.80625 0.610938 0.807812 0.607812 0.810938 0.60625 0.810938 0.604688 0.8125 0.604688 0.814062 0.601562 0.817188 0.6 0.817188 0.598438 0.81875 0.596875 0.81875 0.596875 0.820312 0.595312 0.821875 0.59375 0.821875 0.592188 0.823438 0.590625 0.823438 0.589062 0.825 0.589062 0.826562 0.5875 0.828125 0.585938 0.828125 0.584375 0.829688 0.582812 0.829688 0.58125 0.83125 0.579688 0.83125 0.579688 0.832812 0.578125 0.834375 0.576562 0.834375 0.573438 0.8375 0.571875 0.8375 0.571875 0.839062 0.570312 0.840625 0.56875 0.840625 0.567188 0.842188 0.565625 0.842188 0.564062 0.84375 0.564062 0.845312 0.560938 0.848438 0.559375 0.848438 0.557812 0.85 0.55625 0.85 0.55625 0.851562 0.554688 0.853125 0.553125 0.853125 0.551562 0.854688 0.54375 0.854688 0.542188 0.85625 0.534375 0.85625 0.534375 0.857812 0.532812 0.859375 0.528125 0.859375 0.526562 0.860938 0.482812 0.860938 0.48125 0.859375 0.465625 0.859375 0.464062 0.857812 0.464062 0.85625 0.453125 0.85625 0.451562 0.854688 0.445312 0.854688 0.44375 0.853125 0.435938 0.853125 0.434375 0.851562 0.434375 0.85 0.428125 0.85 0.426562 0.848438 0.41875 0.848438 0.417188 0.846875 0.398438 0.846875 0.396875 0.845312 0.396875 0.84375 0.389062 0.84375 0.3875 0.842188 0.384375 0.842188 0.382812 0.840625 0.376562 0.840625 0.375 0.839062 0.375 0.8375 0.371875 0.8375 0.370312 0.835938 0.365625 0.835938 0.364062 0.834375 0.360938 0.834375 0.359375 0.832812 0.359375 0.83125 0.357812 0.83125 0.354688 0.828125 0.353125 0.828125 0.351562 0.826562 0.351562 0.825 0.346875 0.820312 0.346875 0.81875 0.34375 0.815625 0.34375 0.8125 0.339062 0.807812 0.339062 0.80625 0.3375 0.80625 0.335938 0.804688 0.334375 0.804688 0.332812 0.803125 0.33125 0.803125 0.329688 0.801562 0.329688 0.8 0.326562 0.796875 0.325 0.796875 0.323438 0.795312 0.323438 0.79375 0.321875 0.79375 0.320312 0.792188 0.31875 0.792188 0.315625 0.789062 0.315625 0.7875 0.314062 0.7875 0.310938 0.784375 0.309375 0.784375 0.307812 0.782812 0.307812 0.78125 0.30625 0.779688 0.304688 0.779688 0.301562 0.776562 0.301562 0.775 0.298438 0.771875 0.296875 0.771875 0.295312 0.770312 0.295312 0.76875 0.29375 0.767188 0.292188 0.767188 0.289062 0.764062 0.289062 0.7625 0.284375 0.757812 0.284375 0.75625 0.279688 0.751562 0.279688 0.75 0.275 0.745312 0.275 0.74375 0.273438 0.742188 0.273438 0.740625 0.271875 0.739062 0.271875 0.7375 0.267188 0.732812 0.267188 0.73125 0.265625 0.73125 0.260938 0.726562 0.260938 0.725 0.25625 0.720312 0.25625 0.71875 0.251563 0.714062 0.251563 0.7125 0.25 0.710938 0.25 0.709375 0.248438 0.707812 0.248438 0.70625 0.245312 0.703125 0.245312 0.7 0.240625 0.695312 0.240625 0.69375 0.239062 0.69375 0.235938 0.690625 0.234375 0.690625 0.232812 0.689062 0.232812 0.6875 0.228125 0.682812 0.228125 0.68125 0.223438 0.676562 0.223438 0.675 0.221875 0.673438 0.221875 0.671875 0.220312 0.670312 0.220312 0.66875 0.21875 0.667188 0.21875 0.665625 0.217188 0.664062 0.217188 0.660938 0.214062 0.657812 0.214062 0.654688 0.2125 0.653125 0.2125 0.65 0.207812 0.645312 0.207812 0.64375 0.204688 0.640625 0.204688 0.6375 0.2 0.632812 0.2 0.629688 0.198438 0.628125 0.198438 0.625 0.196875 0.623438 0.196875 0.621875 0.195312 0.620312 0.195312 0.617188 0.19375 0.615625 0.19375 0.6125 0.192188 0.610938 0.192188 0.60625 0.190625 0.604688 0.190625 0.603125 0.189062 0.601562 0.189062 0.598438 0.1875 0.596875 0.1875 0.59375 0.185938 0.592188 0.185938 0.590625 0.184375 0.589062 0.184375 0.584375 0.182812 0.582812 0.182812 0.579688 0.18125 0.578125 0.18125 0.575 0.179688 0.573438 0.179688 0.571875 0.178125 0.570312 0.178125 0.565625 0.176562 0.564062 0.176562 0.560938 0.173438 0.557812 0.173438 0.554688 0.171875 0.553125 0.171875 0.548438 0.170312 0.546875 0.170312 0.54375 0.167188 0.540625 0.167188 0.5375 0.165625 0.535938 0.165625 0.53125 0.164062 0.529688 0.164062 0.517188 0.151562 0.517188 0.15 0.515625 0.146875 0.515625 0.145312 0.514062 0.145312 0.5125 0.140625 0.507812 0.140625 0.504687 0.1375 0.501562 0.1375 0.498438 0.135938 0.496875 0.134375 0.496875 0.132812 0.495312 0.132812 0.49375 0.128125 0.49375 0.128125 0.496875 0.125 0.5 0.123438 0.5 0.123438 0.501562 0.121875 0.503125 0.1 0.503125 0.098438 0.501562 0.098438 0.498438 0.096875 0.496875 0.096875 0.4875 0.095312 0.485938 0.095312 0.484375 0.089062 0.484375 0.0875 0.482812 0.0875 0.48125 0.08125 0.48125 0.076562 0.476562 0.076562 0.473438 0.075 0.471875 0.075 0.45 0.073438 0.45 0.071875 0.448438 0.06875 0.448438 0.067188 0.446875 0.065625 0.446875 0.064062 0.445312 0.064062 0.44375 0.0625 0.442188 0.060938 0.442188 0.059375 0.440625 0.059375 0.4375 0.05625 0.434375 0.05625 0.43125 0.054688 0.429688 0.05625 0.428125 0.05625 0.425 0.057812 0.423438 0.057812 0.415625 0.05625 0.414062 0.05625 0.409375 0.054688 0.407812 0.054688 0.404688 0.053125 0.403125 0.053125 0.4 0.051562 0.398438 0.054688 0.395312 0.057812 0.398438 0.057812 0.401562 0.059375 0.401562 0.059375 0.4 0.0625 0.396875 0.065625 0.396875 0.067188 0.398438 0.06875 0.398438 0.070312 0.4 0.070312 0.401562 0.107812 0.401562 0.107812 0.4 0.1125 0.395312 0.1125 0.384375 0.114062 0.382812 0.114062 0.34375 0.1125 0.342188 0.1125 0.3375 0.110938 0.335938 0.109375 0.335938 0.107812 0.334375 0.084375 0.334375 0.082812 0.332812 0.082812 0.33125 0.057812 0.33125 0.057812 0.332812 0.053125 0.3375 0.053125 0.339062 0.051562 0.340625 0.05 0.340625 0.051562 0.340625 0.053125 0.339062 0.054688 0.339062 0.054688 0.335938 0.057812 0.332812 0.082812 0.332812 0.084375 0.334375 0.107812 0.334375 0.110938 0.3375 0.110938 0.339062 0.1125 0.340625 0.1125 0.345312 0.114062 0.346875 0.114062 0.379688 0.1125 0.38125 0.1125 0.392188 0.110938 0.39375 0.110938 0.395312 0.10625 0.4 0.070312 0.4 0.06875 0.398438 0.067188 0.398438 0.065625 0.396875 0.0625 0.396875 0.060938 0.398438 0.059375 0.396875 0.057812 0.396875 0.05625 0.395312 0.05625 0.39375 0.054688 0.392188 0.051562 0.392188 0.048438 0.389062 0.048438 0.3875 0.045312 0.384375 0.045312 0.365625 0.046875 0.364062 0.046875 0.359375 0.048438 0.357812 0.048438 0.35625 0.048438 0.357812 0.046875 0.359375 0.045312 0.357812 0.045312 0.354688 0.04375 0.353125 0.04375 0.340625 0.042188 0.339062 0.042188 0.335938 0.040625 0.335938 0.0375 0.332812 0.0375 0.328125 0.039062 0.326562 0.039062 0.323438 0.0375 0.321875 0.0375 0.315625 0.035938 0.314062 0.035938 0.303125 0.034375 0.301562 0.034375 0.3 0.039062 0.295312 0.039062 0.29375 0.040625 0.292188 0.045312 0.292188 0.046875 0.290625 0.05 0.290625 0.051562 0.289062 0.054688 0.289062 0.054688 0.285938 0.05625 0.284375 0.05625 0.28125 0.057812 0.279688 0.057812 0.278125 0.059375 0.276562 0.059375 0.275 0.060938 0.273438 0.060938 0.271875 0.0625 0.270312 0.064062 0.270312 0.064062 0.26875 0.06875 0.264062 0.06875 0.259375 0.070312 0.257812 0.070312 0.254688 0.073438 0.251563 0.073438 0.25 0.078125 0.245312 0.078125 0.2375 0.082812 0.232812 0.082812 0.23125 0.085938 0.228125 0.0875 0.228125 0.089062 0.226562 0.092188 0.226562 0.092188 0.225 0.095312 0.221875 0.095312 0.215625 0.096875 0.214062 0.096875 0.2125 0.1 0.209375 0.101562 0.209375 0.103125 0.207812 0.104688 0.207812 0.104688 0.20625 0.10625 0.204688 0.107812 0.204688 0.110938 0.201562 0.1125 0.203125 0.114062 0.201562 0.114062 0.2 0.115625 0.198438 0.11875 0.198438 0.120312 0.2 0.120312 0.201562 0.121875 0.201562 0.121875 0.2 0.120312 0.2 0.11875 0.198438 0.11875 0.192188 0.121875 0.189062 0.121875 0.1875 0.123438 0.185938 0.125 0.185938 0.126562 0.184375 0.128125 0.184375 0.129688 0.182812 0.139062 0.182812 0.139062 0.18125 0.1375 0.18125 0.134375 0.178125 0.134375 0.175 0.132812 0.173438 0.132812 0.171875 0.13125 0.171875 0.129688 0.173438 0.125 0.173438 0.123438 0.175 0.121875 0.175 0.121875 0.176562 0.120312 0.178125 0.11875 0.178125 0.117188 0.179688 0.10625 0.179688 0.103125 0.176562 0.103125 0.175 0.101562 0.175 0.098438 0.171875 0.098438 0.16875 0.096875 0.167188 0.096875 0.165625 0.095312 0.164062 0.095312 0.146875 0.096875 0.145312 0.096875 0.140625 0.098438 0.139062 0.098438 0.128125 0.1 0.126562 0.1 0.123438 0.103125 0.120312 0.103125 0.11875 0.107812 0.114062 0.109375 0.114062 0.109375 0.1125 0.110938 0.110938 0.123438 0.110938 0.123438 0.103125 0.121875 0.101562 0.121875 0.09375 0.120312 0.092188 0.120312 0.0875 0.11875 0.085938 0.117188 0.085938 0.115625 0.0875 0.115625 0.090625 0.1125 0.09375 0.1125 0.095312 0.110938 0.096875 0.109375 0.096875 0.10625 0.1 0.104688 0.1 0.104688 0.101562 0.103125 0.103125 0.08125 0.103125 0.079688 0.101562 0.079688 0.1 0.078125 0.098438 0.076562 0.098438 0.073438 0.095312 0.073438 0.092188 0.071875 0.090625 0.071875 0.0875 0.070312 0.085938 0.065625 0.085938 0.0625 0.082812 0.0625 0.08125 0.060938 0.08125 0.057812 0.078125 0.057812 0.075 0.054688 0.071875 0.054688 0.06875 0.053125 0.067188 0.053125 0.065625 0.051562 0.064062 0.051562 0.059375 0.05 0.057812 0.05 0.003125 0.048438 0.001562 0.048438 0.0
1 0.598438 0.928125 0.596875 0.929688 0.592188 0.929688 0.590625 0.93125 0.5875 0.93125 0.5875 0.932812 0.585938 0.934375 0.584375 0.934375 0.582812 0.935938 0.579688 0.935938 0.578125 0.9375 0.578125 0.939062 0.575 0.942188 0.573438 0.942188 0.571875 0.94375 0.571875 0.945312 0.567188 0.95 0.567188 0.951562 0.5625 0.95625 0.5625 0.957812 0.560938 0.959375 0.559375 0.959375 0.55625 0.9625 0.554688 0.9625 0.554688 0.964062 0.551562 0.967188 0.55 0.967188 0.548438 0.96875 0.548438 0.970312 0.546875 0.971875 0.546875 0.973438 0.545312 0.975 0.545312 0.976562 0.542188 0.979688 0.542188 0.982812 0.5375 0.9875 0.5375 0.989062 0.532812 0.99375 0.532812 0.998438 0.721875 0.998438 0.720312 0.996875 0.717188 0.996875 0.715625 0.995312 0.715625 0.99375 0.710938 0.989062 0.710938 0.9875 0.709375 0.9875 0.704688 0.982812 0.704688 0.98125 0.7 0.976562 0.7 0.975 0.698438 0.973438 0.696875 0.973438 0.69375 0.970312 0.69375 0.96875 0.690625 0.96875 0.689062 0.967188 0.685938 0.967188 0.684375 0.965625 0.682812 0.965625 0.68125 0.964062 0.68125 0.9625 0.678125 0.9625 0.676562 0.960938 0.659375 0.960938 0.657812 0.959375 0.65625 0.959375 0.654688 0.957812 0.654688 0.95625 0.653125 0.95625 0.651562 0.954688 0.65 0.954688 0.646875 0.951562 0.646875 0.95 0.64375 0.946875 0.642188 0.946875 0.640625 0.945312 0.640625 0.94375 0.635938 0.939062 0.635938 0.9375 0.634375 0.9375 0.63125 0.934375 0.628125 0.934375 0.626562 0.932812 0.626562 0.93125 0.625 0.929688 0.621875 0.929688 0.620312 0.928125
1 0.978125 0.8375 0.978125 0.839062 0.975 0.842188 0.975 0.853125 0.978125 0.85625 0.978125 0.857812 0.98125 0.860938 0.98125 0.864062 0.985938 0.86875 0.985938 0.870312 0.9875 0.870312 0.992188 0.875 0.992188 0.876562 0.99375 0.876562 0.995312 0.878125 0.996875 0.878125 0.998438 0.879688 0.998438 0.846875 0.996875 0.846875 0.995312 0.845312 0.995312 0.84375 0.99375 0.84375 0.990625 0.840625 0.989062 0.840625 0.9875 0.839062 0.9875 0.8375
1 0.809375 0.834375 0.809375 0.840625 0.810938 0.842188 0.810938 0.892188 0.8125 0.89375 0.8125 0.896875 0.814062 0.898438 0.814062 0.901562 0.809375 0.90625 0.809375 0.914062 0.8125 0.917188 0.814062 0.917188 0.815625 0.91875 0.815625 0.920312 0.820312 0.925 0.820312 0.926562 0.823438 0.929688 0.823438 0.932812 0.826562 0.935938 0.828125 0.935938 0.829688 0.9375 0.829688 0.939062 0.83125 0.940625 0.83125 0.942188 0.832812 0.94375 0.832812 0.945312 0.834375 0.946875 0.834375 0.951562 0.835938 0.953125 0.835938 0.964062 0.8375 0.965625 0.8375 0.967188 0.839062 0.96875 0.839062 0.970312 0.840625 0.971875 0.842188 0.971875 0.84375 0.973438 0.846875 0.973438 0.848438 0.975 0.848438 0.976562 0.85625 0.976562 0.860938 0.98125 0.860938 0.982812 0.865625 0.9875 0.865625 0.989062 0.875 0.989062 0.875 0.9875 0.876562 0.985938 0.878125 0.985938 0.88125 0.982812 0.88125 0.98125 0.885938 0.976562 0.885938 0.975 0.8875 0.973438 0.903125 0.973438 0.904688 0.971875 0.9125 0.971875 0.914062 0.970312 0.914062 0.96875 0.915625 0.967188 0.915625 0.960938 0.917188 0.959375 0.917188 0.953125 0.91875 0.951562 0.91875 0.95 0.920312 0.948438 0.921875 0.948438 0.923438 0.946875 0.925 0.946875 0.926562 0.945312 0.928125 0.945312 0.928125 0.94375 0.929688 0.942188 0.93125 0.942188 0.934375 0.939062 0.934375 0.9375 0.939062 0.932812 0.939062 0.929688 0.940625 0.928125 0.940625 0.91875 0.939062 0.917188 0.939062 0.910938 0.9375 0.909375 0.9375 0.90625 0.939062 0.904688 0.939062 0.903125 0.940625 0.901562 0.942188 0.901562 0.942188 0.9 0.94375 0.898438 0.948438 0.898438 0.951562 0.895312 0.951562 0.89375 0.954688 0.890625 0.954688 0.865625 0.953125 0.864062 0.953125 0.854688 0.951562 0.853125 0.951562 0.834375
1 0.773438 0.834375 0.770312 0.8375 0.770312 0.848438 0.771875 0.85 0.771875 0.851562 0.776562 0.85625 0.776562 0.859375 0.779688 0.8625 0.779688 0.865625 0.782812 0.86875 0.782812 0.870312 0.7875 0.875 0.7875 0.876562 0.79375 0.876562 0.79375 0.875 0.795312 0.873438 0.798438 0.873438 0.801562 0.870312 0.801562 0.85625 0.8 0.854688 0.8 0.853125 0.798438 0.851562 0.798438 0.85 0.79375 0.845312 0.79375 0.84375 0.792188 0.84375 0.7875 0.839062 0.7875 0.8375 0.785938 0.8375 0.782812 0.834375
1 0.985938 0.773438 0.984375 0.775 0.984375 0.776562 0.98125 0.779688 0.98125 0.785938 0.982812 0.7875 0.982812 0.789062 0.9875 0.79375 0.9875 0.795312 0.989062 0.795312 0.992188 0.798438 0.99375 0.798438 0.995312 0.8 0.995312 0.801562 0.998438 0.804688 0.998438 0.778125 0.996875 0.776562 0.996875 0.775 0.995312 0.775 0.99375 0.773438
1 0.775 0.7625 0.775 0.764062 0.771875 0.767188 0.771875 0.778125 0.775 0.78125 0.775 0.784375 0.778125 0.7875 0.778125 0.789062 0.782812 0.79375 0.782812 0.795312 0.7875 0.8 0.7875 0.803125 0.790625 0.80625 0.790625 0.807812 0.792188 0.807812 0.79375 0.809375 0.798438 0.809375 0.8 0.807812 0.8 0.804688 0.801562 0.803125 0.801562 0.8 0.803125 0.798438 0.803125 0.792188 0.801562 0.790625 0.801562 0.7875 0.798438 0.784375 0.798438 0.78125 0.79375 0.776562 0.79375 0.775 0.789062 0.770312 0.789062 0.76875 0.7875 0.76875 0.785938 0.767188 0.784375 0.767188 0.78125 0.764062 0.78125 0.7625
1 0.082812 0.646875 0.08125 0.648438 0.078125 0.648438 0.076562 0.65 0.076562 0.651562 0.073438 0.654688 0.073438 0.659375 0.070312 0.6625 0.0625 0.6625 0.060938 0.660938 0.05625 0.660938 0.054688 0.6625 0.051562 0.6625 0.051562 0.664062 0.05 0.665625 0.048438 0.665625 0.045312 0.66875 0.045312 0.670312 0.04375 0.671875 0.042188 0.671875 0.040625 0.673438 0.029688 0.673438 0.028125 0.675 0.025 0.675 0.025 0.676562 0.021875 0.679688 0.021875 0.682812 0.020312 0.684375 0.020312 0.685938 0.01875 0.6875 0.01875 0.689062 0.017188 0.690625 0.017188 0.692188 0.015625 0.69375 0.015625 0.695312 0.014062 0.696875 0.014062 0.698438 0.0125 0.7 0.0125 0.701562 0.007812 0.70625 0.007812 0.707812 0.00625 0.709375 0.004688 0.709375 0.003125 0.710938 0.0 0.710938 0.0 0.998438 0.4875 0.998438 0.4875 0.996875 0.489062 0.995312 0.489062 0.990625 0.490625 0.989062 0.490625 0.984375 0.492188 0.982812 0.492188 0.98125 0.490625 0.979688 0.490625 0.978125 0.489062 0.976562 0.489062 0.975 0.484375 0.970312 0.484375 0.967188 0.482812 0.965625 0.482812 0.9625 0.48125 0.960938 0.48125 0.959375 0.479688 0.957812 0.479688 0.95625 0.476562 0.953125 0.46875 0.953125 0.465625 0.95625 0.465625 0.957812 0.464062 0.959375 0.464062 0.964062 0.4625 0.965625 0.4625 0.973438 0.460938 0.975 0.459375 0.973438 0.457812 0.973438 0.45625 0.971875 0.454688 0.971875 0.453125 0.970312 0.453125 0.96875 0.451562 0.96875 0.45 0.967188 0.45 0.965625 0.448438 0.964062 0.448438 0.95625 0.446875 0.954688 0.446875 0.953125 0.445312 0.951562 0.445312 0.948438 0.442188 0.945312 0.442188 0.942188 0.440625 0.940625 0.440625 0.9375 0.439062 0.935938 0.439062 0.934375 0.4375 0.932812 0.4375 0.93125 0.432812 0.926562 0.432812 0.925 0.429688 0.921875 0.428125 0.921875 0.426562 0.920312 0.426562 0.91875 0.425 0.91875 0.421875 0.915625 0.420312 0.915625 0.41875 0.914062 0.41875 0.9125 0.417188 0.9125 0.415625 0.910938 0.4125 0.910938 0.410938 0.909375 0.407812 0.909375 0.40625 0.907812 0.40625 0.90625 0.404688 0.90625 0.404688 0.907812 0.403125 0.909375 0.4 0.909375 0.396875 0.9125 0.396875 0.914062 0.395312 0.915625 0.382812 0.915625 0.38125 0.917188 0.378125 0.917188 0.376562 0.91875 0.373438 0.91875 0.373438 0.920312 0.36875 0.925 0.36875 0.928125 0.365625 0.93125 0.364062 0.93125 0.364062 0.932812 0.3625 0.934375 0.359375 0.934375 0.357812 0.932812 0.357812 0.93125 0.35625 0.93125 0.35625 0.932812 0.354688 0.934375 0.351562 0.934375 0.348438 0.9375 0.348438 0.939062 0.346875 0.940625 0.346875 0.945312 0.345312 0.946875 0.345312 0.948438 0.34375 0.95 0.340625 0.95 0.339062 0.948438 0.339062 0.946875 0.3375 0.945312 0.3375 0.94375 0.335938 0.942188 0.335938 0.921875 0.3375 0.920312 0.3375 0.91875 0.339062 0.917188 0.340625 0.917188 0.342188 0.915625 0.34375 0.915625 0.345312 0.914062 0.345312 0.9125 0.348438 0.909375 0.348438 0.90625 0.35 0.904688 0.35 0.89375 0.348438 0.892188 0.348438 0.890625 0.346875 0.889062 0.346875 0.8875 0.34375 0.884375 0.340625 0.884375 0.339062 0.882812 0.339062 0.88125 0.3375 0.88125 0.3375 0.882812 0.335938 0.884375 0.332812 0.884375 0.329688 0.8875 0.329688 0.889062 0.325 0.89375 0.323438 0.89375 0.321875 0.892188 0.31875 0.892188 0.315625 0.889062 0.315625 0.8875 0.314062 0.885938 0.3125 0.885938 0.309375 0.882812 0.309375 0.88125 0.307812 0.879688 0.307812 0.878125 0.30625 0.876562 0.30625 0.875 0.301562 0.870312 0.301562 0.86875 0.3 0.867188 0.296875 0.867188 0.295312 0.865625 0.29375 0.865625 0.292188 0.864062 0.292188 0.8625 0.2875 0.857812 0.2875 0.85625 0.284375 0.853125 0.282812 0.853125 0.28125 0.851562 0.28125 0.85 0.278125 0.85 0.275 0.846875 0.276562 0.845312 0.276562 0.842188 0.275 0.840625 0.275 0.8375 0.271875 0.834375 0.26875 0.834375 0.267188 0.832812 0.267188 0.83125 0.260938 0.83125 0.259375 0.829688 0.251563 0.829688 0.25 0.83125 0.246875 0.83125 0.246875 0.832812 0.245312 0.834375 0.240625 0.834375 0.239062 0.832812 0.239062 0.83125 0.2375 0.829688 0.239062 0.828125 0.240625 0.828125 0.242188 0.826562 0.24375 0.826562 0.24375 0.825 0.245312 0.823438 0.246875 0.823438 0.25 0.820312 0.251563 0.820312 0.251563 0.81875 0.253125 0.817188 0.254688 0.817188 0.25625 0.815625 0.257812 0.815625 0.259375 0.814062 0.259375 0.8125 0.264062 0.807812 0.264062 0.804688 0.265625 0.803125 0.264062 0.801562 0.264062 0.798438 0.260938 0.795312 0.260938 0.79375 0.253125 0.79375 0.253125 0.795312 0.25 0.798438 0.248438 0.798438 0.246875 0.8 0.245312 0.8 0.245312 0.801562 0.24375 0.803125 0.242188 0.803125 0.239062 0.80625 0.2375 0.80625 0.232812 0.801562 0.232812 0.8 0.217188 0.8 0.215625 0.798438 0.214062 0.798438 0.210938 0.795312 0.210938 0.79375 0.209375 0.792188 0.209375 0.790625 0.207812 0.789062 0.207812 0.7875 0.203125 0.782812 0.203125 0.78125 0.198438 0.776562 0.198438 0.775 0.195312 0.775 0.19375 0.773438 0.192188 0.773438 0.189062 0.770312 0.189062 0.76875 0.19375 0.764062 0.19375 0.760938 0.195312 0.759375 0.195312 0.75625 0.19375 0.754688 0.19375 0.753125 0.192188 0.751562 0.192188 0.75 0.190625 0.748438 0.1875 0.748438 0.185938 0.746875 0.179688 0.746875 0.178125 0.745312 0.178125 0.74375 0.173438 0.74375 0.173438 0.745312 0.171875 0.746875 0.16875 0.746875 0.165625 0.75 0.165625 0.751562 0.1625 0.754688 0.1625 0.759375 0.160938 0.760938 0.160938 0.770312 0.157812 0.773438 0.1375 0.773438 0.135938 0.771875 0.134375 0.771875 0.132812 0.770312 0.132812 0.76875 0.13125 0.76875 0.129688 0.767188 0.129688 0.765625 0.128125 0.764062 0.128125 0.760938 0.126562 0.759375 0.126562 0.748438 0.128125 0.746875 0.128125 0.742188 0.13125 0.739062 0.13125 0.735938 0.134375 0.732812 0.134375 0.73125 0.135938 0.729688 0.145312 0.729688 0.146875 0.73125 0.146875 0.732812 0.151562 0.732812 0.153125 0.734375 0.15625 0.734375 0.157812 0.735938 0.159375 0.735938 0.160938 0.7375 0.160938 0.739062 0.1625 0.739062 0.1625 0.7375 0.164062 0.735938 0.165625 0.735938 0.16875 0.732812 0.16875 0.729688 0.170312 0.728125 0.16875 0.726562 0.16875 0.723438 0.165625 0.720312 0.165625 0.71875 0.160938 0.714062 0.160938 0.7125 0.157812 0.709375 0.157812 0.70625 0.15625 0.704688 0.15625 0.7 0.154688 0.698438 0.154688 0.696875 0.153125 0.695312 0.153125 0.6875 0.151562 0.685938 0.151562 0.68125 0.15 0.679688 0.15 0.671875 0.148438 0.670312 0.148438 0.667188 0.146875 0.665625 0.146875 0.65625 0.145312 0.654688 0.145312 0.653125 0.14375 0.651562 0.14375 0.65 0.142188 0.648438 0.135938 0.648438 0.134375 0.65 0.134375 0.651562 0.132812 0.653125 0.132812 0.654688 0.13125 0.65625 0.13125 0.660938 0.129688 0.6625 0.129688 0.664062 0.128125 0.665625 0.126562 0.664062 0.126562 0.660938 0.125 0.659375 0.125 0.65625 0.120312 0.651562 0.120312 0.65 0.117188 0.65 0.115625 0.648438 0.110938 0.648438 0.109375 0.646875
1 0.354688 0.542188 0.353125 0.54375 0.35 0.54375 0.35 0.545312 0.348438 0.546875 0.345312 0.546875 0.342188 0.55 0.342188 0.551562 0.3375 0.55625 0.3375 0.565625 0.340625 0.56875 0.340625 0.570312 0.342188 0.570312 0.34375 0.571875 0.345312 0.571875 0.346875 0.573438 0.348438 0.573438 0.35 0.571875 0.351562 0.571875 0.353125 0.570312 0.35625 0.570312 0.35625 0.56875 0.357812 0.567188 0.359375 0.567188 0.3625 0.564062 0.3625 0.5625 0.364062 0.560938 0.364062 0.559375 0.365625 0.557812 0.365625 0.553125 0.364062 0.551562 0.364062 0.548438 0.360938 0.545312 0.360938 0.54375 0.357812 0.54375 0.35625 0.542188
1 0.032812 0.48125 0.032812 0.482812 0.03125 0.484375 0.029688 0.484375 0.026562 0.4875 0.026562 0.489062 0.023438 0.492188 0.021875 0.492188 0.020312 0.49375 0.017188 0.49375 0.017188 0.495312 0.015625 0.496875 0.010938 0.496875 0.009375 0.498438 0.0 0.498438 0.0 0.557812 0.004688 0.557812 0.009375 0.5625 0.009375 0.564062 0.0125 0.567188 0.0125 0.570312 0.017188 0.575 0.017188 0.578125 0.01875 0.579688 0.01875 0.582812 0.021875 0.585938 0.021875 0.592188 0.023438 0.59375 0.023438 0.598438 0.025 0.6 0.025 0.604688 0.026562 0.60625 0.026562 0.610938 0.028125 0.6125 0.028125 0.614062 0.029688 0.615625 0.03125 0.615625 0.032812 0.617188 0.034375 0.615625 0.035938 0.615625 0.0375 0.614062 0.0375 0.6125 0.039062 0.610938 0.039062 0.609375 0.040625 0.607812 0.040625 0.598438 0.042188 0.596875 0.042188 0.59375 0.04375 0.592188 0.04375 0.5875 0.046875 0.584375 0.048438 0.585938 0.05 0.585938 0.051562 0.5875 0.051562 0.589062 0.05625 0.59375 0.05625 0.595312 0.057812 0.596875 0.059375 0.596875 0.060938 0.598438 0.0625 0.598438 0.064062 0.6 0.064062 0.601562 0.065625 0.601562 0.067188 0.603125 0.06875 0.603125 0.070312 0.604688 0.071875 0.604688 0.073438 0.603125 0.075 0.603125 0.076562 0.601562 0.076562 0.6 0.078125 0.598438 0.078125 0.596875 0.079688 0.595312 0.079688 0.59375 0.078125 0.592188 0.078125 0.590625 0.076562 0.589062 0.076562 0.5875 0.073438 0.584375 0.070312 0.584375 0.06875 0.582812 0.06875 0.58125 0.067188 0.579688 0.065625 0.579688 0.0625 0.576562 0.0625 0.575 0.059375 0.571875 0.057812 0.571875 0.05625 0.570312 0.05625 0.56875 0.053125 0.565625 0.054688 0.564062 0.054688 0.5625 0.05625 0.560938 0.05625 0.55625 0.057812 0.554688 0.057812 0.553125 0.059375 0.551562 0.059375 0.548438 0.060938 0.546875 0.060938 0.542188 0.0625 0.540625 0.0625 0.5375 0.064062 0.535938 0.064062 0.529688 0.0625 0.528125 0.0625 0.523438 0.060938 0.521875 0.060938 0.5125 0.059375 0.510938 0.059375 0.509375 0.057812 0.507812 0.057812 0.50625 0.054688 0.503125 0.053125 0.503125 0.051562 0.501562 0.051562 0.496875 0.05 0.495312 0.05 0.492188 0.048438 0.490625 0.048438 0.4875 0.046875 0.485938 0.045312 0.485938 0.04375 0.484375 0.042188 0.484375 0.040625 0.482812 0.040625 0.48125
1 0.057812 0.334375 0.05625 0.335938 0.05625 0.339062 0.054688 0.340625 0.053125 0.340625 0.051562 0.342188 0.05 0.342188 0.05 0.357812 0.048438 0.359375 0.048438 0.364062 0.046875 0.365625 0.046875 0.384375 0.05 0.3875 0.05 0.389062 0.051562 0.390625 0.054688 0.390625 0.057812 0.39375 0.057812 0.395312 0.059375 0.395312 0.060938 0.396875 0.0625 0.395312 0.065625 0.395312 0.067188 0.396875 0.06875 0.396875 0.070312 0.398438 0.10625 0.398438 0.109375 0.395312 0.109375 0.39375 0.110938 0.392188 0.110938 0.38125 0.1125 0.379688 0.1125 0.346875 0.110938 0.345312 0.110938 0.340625 0.109375 0.339062 0.109375 0.3375 0.107812 0.335938 0.084375 0.335938 0.082812 0.334375
1 0.19375 0.203125 0.192188 0.204688 0.190625 0.204688 0.189062 0.20625 0.189062 0.207812 0.1875 0.209375 0.1875 0.210938 0.185938 0.2125 0.185938 0.215625 0.1875 0.217188 0.1875 0.220312 0.189062 0.221875 0.189062 0.223438 0.190625 0.223438 0.192188 0.225 0.192188 0.226562 0.19375 0.226562 0.196875 0.229688 0.198438 0.229688 0.2 0.23125 0.2 0.232812 0.201562 0.234375 0.203125 0.234375 0.20625 0.2375 0.20625 0.239062 0.214062 0.239062 0.214062 0.2375 0.217188 0.234375 0.217188 0.221875 0.215625 0.220312 0.215625 0.21875 0.214062 0.21875 0.209375 0.214062 0.209375 0.2125 0.207812 0.2125 0.203125 0.207812 0.203125 0.20625 0.2 0.203125
1 0.115625 0.2 0.115625 0.201562 0.114062 0.203125 0.114062 0.210938 0.1125 0.2125 0.1125 0.215625 0.114062 0.217188 0.114062 0.242188 0.115625 0.24375 0.115625 0.259375 0.117188 0.259375 0.11875 0.260938 0.120312 0.260938 0.121875 0.2625 0.121875 0.264062 0.126562 0.264062 0.128125 0.265625 0.129688 0.265625 0.13125 0.267188 0.157812 0.267188 0.159375 0.26875 0.159375 0.270312 0.165625 0.270312 0.165625 0.26875 0.167188 0.267188 0.18125 0.267188 0.184375 0.264062 0.184375 0.248438 0.182812 0.246875 0.182812 0.2125 0.178125 0.207812 0.178125 0.20625 0.175 0.20625 0.173438 0.204688 0.16875 0.204688 0.165625 0.201562 0.165625 0.2 0.123438 0.2 0.123438 0.201562 0.121875 0.203125 0.120312 0.203125 0.11875 0.201562 0.11875 0.2
1 0.995312 0.190625 0.992188 0.19375 0.992188 0.195312 0.990625 0.196875 0.990625 0.198438 0.989062 0.2 0.989062 0.201562 0.9875 0.203125 0.9875 0.204688 0.985938 0.20625 0.985938 0.214062 0.984375 0.215625 0.98125 0.215625 0.978125 0.21875 0.978125 0.220312 0.976562 0.221875 0.976562 0.226562 0.973438 0.229688 0.954688 0.229688 0.953125 0.23125 0.95 0.23125 0.95 0.232812 0.945312 0.2375 0.945312 0.239062 0.942188 0.242188 0.942188 0.246875 0.940625 0.248438 0.940625 0.257812 0.9375 0.260938 0.935938 0.260938 0.934375 0.259375 0.932812 0.259375 0.93125 0.257812 0.93125 0.25625 0.920312 0.25625 0.920312 0.257812 0.917188 0.260938 0.917188 0.264062 0.915625 0.265625 0.915625 0.282812 0.9125 0.285938 0.909375 0.285938 0.907812 0.2875 0.9 0.2875 0.9 0.289062 0.898438 0.290625 0.896875 0.290625 0.89375 0.29375 0.89375 0.307812 0.898438 0.3125 0.898438 0.314062 0.895312 0.317188 0.89375 0.317188 0.892188 0.31875 0.892188 0.320312 0.890625 0.321875 0.890625 0.329688 0.892188 0.33125 0.892188 0.334375 0.89375 0.335938 0.89375 0.339062 0.895312 0.340625 0.895312 0.348438 0.89375 0.35 0.89375 0.351562 0.892188 0.353125 0.892188 0.354688 0.890625 0.35625 0.8875 0.35625 0.885938 0.354688 0.878125 0.354688 0.876562 0.35625 0.876562 0.357812 0.873438 0.360938 0.873438 0.364062 0.871875 0.365625 0.871875 0.367188 0.870312 0.36875 0.86875 0.36875 0.86875 0.370312 0.867188 0.371875 0.864062 0.371875 0.860938 0.375 0.860938 0.382812 0.864062 0.385938 0.873438 0.385938 0.875 0.3875 0.875 0.389062 0.876562 0.390625 0.876562 0.392188 0.875 0.39375 0.871875 0.39375 0.871875 0.395312 0.870312 0.396875 0.8625 0.396875 0.860938 0.398438 0.857812 0.398438 0.85625 0.4 0.85625 0.401562 0.854688 0.403125 0.854688 0.409375 0.857812 0.4125 0.857812 0.414062 0.873438 0.414062 0.873438 0.4125 0.875 0.410938 0.884375 0.410938 0.885938 0.4125 0.885938 0.423438 0.8875 0.425 0.8875 0.428125 0.884375 0.43125 0.884375 0.432812 0.879688 0.4375 0.878125 0.4375 0.878125 0.439062 0.875 0.442188 0.875 0.445312 0.870312 0.45 0.870312 0.451562 0.86875 0.453125 0.86875 0.454688 0.867188 0.45625 0.865625 0.45625 0.865625 0.457812 0.860938 0.4625 0.860938 0.464062 0.85625 0.46875 0.85625 0.470312 0.851562 0.475 0.851562 0.476562 0.846875 0.48125 0.846875 0.482812 0.84375 0.485938 0.842188 0.485938 0.840625 0.4875 0.840625 0.489062 0.835938 0.49375 0.835938 0.495312 0.83125 0.5 0.83125 0.501562 0.829688 0.503125 0.829688 0.504687 0.828125 0.50625 0.828125 0.507812 0.823438 0.5125 0.823438 0.515625 0.820312 0.51875 0.820312 0.523438 0.81875 0.525 0.81875 0.532812 0.817188 0.534375 0.817188 0.535938 0.815625 0.5375 0.815625 0.548438 0.814062 0.55 0.814062 0.620312 0.815625 0.621875 0.815625 0.651562 0.81875 0.654688 0.81875 0.690625 0.817188 0.692188 0.817188 0.715625 0.815625 0.717188 0.815625 0.760938 0.814062 0.7625 0.814062 0.789062 0.8125 0.790625 0.8125 0.795312 0.814062 0.796875 0.94375 0.796875 0.945312 0.795312 0.945312 0.75 0.948438 0.746875 0.960938 0.746875 0.9625 0.745312 0.9625 0.74375 0.964062 0.742188 0.964062 0.7375 0.965625 0.735938 0.965625 0.7125 0.964062 0.710938 0.964062 0.698438 0.9625 0.696875 0.9625 0.679688 0.960938 0.678125 0.960938 0.66875 0.959375 0.667188 0.959375 0.654688 0.957812 0.653125 0.957812 0.6375 0.95625 0.635938 0.95625 0.634375 0.957812 0.632812 0.957812 0.629688 0.959375 0.628125 0.959375 0.625 0.960938 0.623438 0.960938 0.61875 0.9625 0.617188 0.9625 0.6125 0.964062 0.610938 0.964062 0.609375 0.965625 0.607812 0.965625 0.604688 0.96875 0.601562 0.96875 0.596875 0.970312 0.595312 0.970312 0.578125 0.96875 0.576562 0.96875 0.567188 0.971875 0.564062 0.971875 0.5625 0.976562 0.557812 0.976562 0.55625 0.978125 0.554688 0.978125 0.54375 0.976562 0.542188 0.976562 0.5375 0.975 0.535938 0.975 0.534375 0.973438 0.532812 0.973438 0.53125 0.971875 0.529688 0.971875 0.528125 0.970312 0.526562 0.970312 0.523438 0.967188 0.520312 0.967188 0.51875 0.965625 0.517188 0.965625 0.515625 0.964062 0.514062 0.964062 0.510938 0.960938 0.507812 0.960938 0.504687 0.9625 0.503125 0.971875 0.503125 0.973438 0.501562 0.975 0.501562 0.975 0.5 0.978125 0.496875 0.979688 0.496875 0.98125 0.495312 0.98125 0.49375 0.985938 0.489062 0.9875 0.489062 0.9875 0.4875 0.992188 0.482812 0.992188 0.48125 0.995312 0.478125 0.996875 0.478125 0.998438 0.476562 0.998438 0.190625
1 0.05 0.0 0.05 0.001562 0.051562 0.003125 0.051562 0.057812 0.053125 0.059375 0.053125 0.064062 0.054688 0.065625 0.054688 0.067188 0.05625 0.06875 0.05625 0.071875 0.059375 0.075 0.059375 0.078125 0.060938 0.079688 0.0625 0.079688 0.064062 0.08125 0.064062 0.082812 0.065625 0.084375 0.070312 0.084375 0.073438 0.0875 0.073438 0.090625 0.075 0.092188 0.075 0.095312 0.076562 0.096875 0.078125 0.096875 0.08125 0.1 0.08125 0.101562 0.103125 0.101562 0.103125 0.1 0.104688 0.098438 0.10625 0.098438 0.109375 0.095312 0.110938 0.095312 0.110938 0.09375 0.114062 0.090625 0.114062 0.0875 0.117188 0.084375 0.11875 0.084375 0.121875 0.0875 0.121875 0.092188 0.123438 0.09375 0.123438 0.101562 0.125 0.103125 0.125 0.110938 0.123438 0.1125 0.110938 0.1125 0.110938 0.114062 0.109375 0.115625 0.107812 0.115625 0.104688 0.11875 0.104688 0.120312 0.101562 0.123438 0.101562 0.126562 0.1 0.128125 0.1 0.139062 0.098438 0.140625 0.098438 0.145312 0.096875 0.146875 0.096875 0.164062 0.098438 0.165625 0.098438 0.167188 0.1 0.16875 0.1 0.171875 0.101562 0.173438 0.103125 0.173438 0.104688 0.175 0.104688 0.176562 0.10625 0.178125 0.117188 0.178125 0.11875 0.176562 0.120312 0.176562 0.120312 0.175 0.121875 0.173438 0.123438 0.173438 0.125 0.171875 0.129688 0.171875 0.13125 0.170312 0.132812 0.170312 0.134375 0.171875 0.134375 0.173438 0.135938 0.175 0.135938 0.178125 0.1375 0.179688 0.139062 0.179688 0.140625 0.18125 0.140625 0.182812 0.15 0.182812 0.15 0.18125 0.154688 0.176562 0.1625 0.176562 0.1625 0.175 0.167188 0.170312 0.170312 0.170312 0.170312 0.16875 0.171875 0.167188 0.173438 0.167188 0.175 0.165625 0.176562 0.165625 0.178125 0.164062 0.179688 0.164062 0.179688 0.1625 0.18125 0.160938 0.184375 0.160938 0.185938 0.159375 0.189062 0.159375 0.190625 0.157812 0.2 0.157812 0.201562 0.159375 0.204688 0.159375 0.207812 0.1625 0.207812 0.164062 0.209375 0.164062 0.210938 0.165625 0.2125 0.165625 0.214062 0.167188 0.215625 0.167188 0.217188 0.16875 0.217188 0.170312 0.220312 0.173438 0.221875 0.173438 0.223438 0.175 0.223438 0.176562 0.225 0.178125 0.226562 0.178125 0.228125 0.179688 0.232812 0.179688 0.234375 0.18125 0.234375 0.182812 0.240625 0.182812 0.242188 0.184375 0.251563 0.184375 0.253125 0.185938 0.273438 0.185938 0.275 0.1875 0.275 0.189062 0.279688 0.189062 0.28125 0.190625 0.298438 0.190625 0.3 0.192188 0.303125 0.192188 0.304688 0.19375 0.304688 0.195312 0.30625 0.195312 0.307812 0.196875 0.307812 0.198438 0.309375 0.2 0.309375 0.203125 0.3125 0.20625 0.3125 0.209375 0.314062 0.210938 0.314062 0.214062 0.317188 0.217188 0.31875 0.217188 0.320312 0.21875 0.320312 0.220312 0.321875 0.221875 0.34375 0.221875 0.345312 0.220312 0.354688 0.220312 0.354688 0.21875 0.357812 0.215625 0.359375 0.215625 0.360938 0.214062 0.360938 0.210938 0.364062 0.207812 0.364062 0.192188 0.3625 0.190625 0.364062 0.189062 0.364062 0.1875 0.365625 0.185938 0.376562 0.185938 0.378125 0.1875 0.378125 0.189062 0.382812 0.189062 0.384375 0.190625 0.395312 0.190625 0.396875 0.189062 0.398438 0.189062 0.398438 0.1875 0.4 0.185938 0.404688 0.185938 0.40625 0.1875 0.40625 0.189062 0.409375 0.189062 0.410938 0.190625 0.4125 0.190625 0.414062 0.192188 0.414062 0.221875 0.415625 0.221875 0.41875 0.225 0.41875 0.226562 0.428125 0.226562 0.428125 0.225 0.43125 0.221875 0.432812 0.221875 0.434375 0.220312 0.434375 0.21875 0.439062 0.214062 0.440625 0.214062 0.442188 0.215625 0.445312 0.215625 0.448438 0.21875 0.448438 0.221875 0.45 0.223438 0.45 0.226562 0.451562 0.228125 0.451562 0.229688 0.453125 0.23125 0.453125 0.232812 0.454688 0.234375 0.45625 0.234375 0.459375 0.2375 0.459375 0.239062 0.48125 0.239062 0.482812 0.240625 0.495312 0.240625 0.496875 0.239062 0.496875 0.2375 0.498438 0.235938 0.501562 0.235938 0.504687 0.232812 0.504687 0.23125 0.50625 0.229688 0.507812 0.229688 0.509375 0.23125 0.509375 0.232812 0.510938 0.232812 0.5125 0.234375 0.523438 0.234375 0.525 0.232812 0.525 0.23125 0.526562 0.229688 0.528125 0.229688 0.529688 0.23125 0.529688 0.232812 0.53125 0.234375 0.53125 0.239062 0.529688 0.240625 0.529688 0.251563 0.528125 0.253125 0.514062 0.253125 0.5125 0.254688 0.510938 0.254688 0.509375 0.25625 0.509375 0.257812 0.504687 0.2625 0.504687 0.265625 0.503125 0.267188 0.503125 0.279688 0.504687 0.28125 0.504687 0.284375 0.501562 0.2875 0.485938 0.2875 0.484375 0.285938 0.478125 0.285938 0.476562 0.2875 0.475 0.2875 0.475 0.289062 0.473438 0.290625 0.471875 0.290625 0.471875 0.292188 0.470312 0.29375 0.470312 0.295312 0.46875 0.296875 0.46875 0.298438 0.467188 0.3 0.467188 0.310938 0.46875 0.3125 0.46875 0.315625 0.470312 0.317188 0.470312 0.320312 0.471875 0.321875 0.473438 0.321875 0.476562 0.325 0.476562 0.326562 0.478125 0.326562 0.479688 0.328125 0.479688 0.329688 0.48125 0.33125 0.48125 0.335938 0.482812 0.3375 0.482812 0.340625 0.484375 0.342188 0.484375 0.346875 0.485938 0.348438 0.485938 0.351562 0.4875 0.353125 0.4875 0.354688 0.489062 0.35625 0.489062 0.357812 0.490625 0.359375 0.490625 0.367188 0.492188 0.36875 0.492188 0.373438 0.490625 0.375 0.490625 0.376562 0.485938 0.38125 0.485938 0.382812 0.484375 0.384375 0.48125 0.384375 0.479688 0.382812 0.479688 0.38125 0.478125 0.38125 0.476562 0.379688 0.470312 0.379688 0.46875 0.38125 0.467188 0.38125 0.467188 0.382812 0.4625 0.3875 0.4625 0.389062 0.460938 0.390625 0.460938 0.392188 0.459375 0.39375 0.459375 0.410938 0.460938 0.4125 0.460938 0.415625 0.4625 0.417188 0.4625 0.420312 0.464062 0.421875 0.465625 0.421875 0.46875 0.425 0.46875 0.426562 0.475 0.426562 0.476562 0.428125 0.479688 0.428125 0.482812 0.43125 0.482812 0.446875 0.484375 0.448438 0.484375 0.451562 0.485938 0.453125 0.485938 0.454688 0.4875 0.45625 0.4875 0.457812 0.489062 0.457812 0.492188 0.460938 0.49375 0.460938 0.495312 0.4625 0.495312 0.464062 0.501562 0.464062 0.503125 0.465625 0.50625 0.465625 0.507812 0.467188 0.507812 0.470312 0.509375 0.471875 0.509375 0.473438 0.510938 0.475 0.510938 0.478125 0.5125 0.479688 0.514062 0.479688 0.515625 0.48125 0.515625 0.482812 0.517188 0.484375 0.526562 0.484375 0.528125 0.482812 0.528125 0.48125 0.529688 0.479688 0.53125 0.479688 0.532812 0.478125 0.532812 0.475 0.535938 0.471875 0.535938 0.467188 0.5375 0.465625 0.539062 0.465625 0.540625 0.467188 0.553125 0.467188 0.55625 0.464062 0.557812 0.464062 0.557812 0.4625 0.5625 0.457812 0.5625 0.454688 0.565625 0.451562 0.565625 0.44375 0.567188 0.442188 0.567188 0.440625 0.56875 0.439062 0.56875 0.4375 0.573438 0.432812 0.573438 0.43125 0.578125 0.426562 0.578125 0.425 0.579688 0.423438 0.579688 0.421875 0.58125 0.420312 0.58125 0.409375 0.579688 0.407812 0.579688 0.404688 0.578125 0.403125 0.578125 0.4 0.576562 0.398438 0.576562 0.396875 0.575 0.395312 0.575 0.392188 0.573438 0.390625 0.573438 0.385938 0.575 0.384375 0.575 0.38125 0.578125 0.378125 0.578125 0.375 0.579688 0.373438 0.579688 0.367188 0.582812 0.364062 0.582812 0.360938 0.585938 0.357812 0.5875 0.357812 0.5875 0.35625 0.592188 0.351562 0.592188 0.35 0.596875 0.345312 0.596875 0.342188 0.6 0.339062 0.6 0.335938 0.603125 0.332812 0.603125 0.325 0.604688 0.323438 0.604688 0.321875 0.60625 0.320312 0.60625 0.31875 0.607812 0.317188 0.607812 0.315625 0.609375 0.314062 0.609375 0.3125 0.614062 0.307812 0.614062 0.30625 0.617188 0.303125 0.617188 0.3 0.61875 0.298438 0.620312 0.298438 0.623438 0.295312 0.623438 0.29375 0.626562 0.290625 0.626562 0.2875 0.63125 0.282812 0.63125 0.28125 0.635938 0.276562 0.635938 0.275 0.640625 0.270312 0.642188 0.270312 0.642188 0.26875 0.646875 0.264062 0.646875 0.2625 0.651562 0.257812 0.653125 0.257812 0.653125 0.25625 0.654688 0.254688 0.654688 0.253125 0.65625 0.251563 0.65625 0.25 0.657812 0.248438 0.657812 0.246875 0.659375 0.245312 0.659375 0.24375 0.664062 0.239062 0.664062 0.2375 0.66875 0.232812 0.66875 0.23125 0.670312 0.229688 0.670312 0.228125 0.671875 0.226562 0.671875 0.225 0.675 0.221875 0.675 0.21875 0.678125 0.215625 0.678125 0.2125 0.679688 0.210938 0.679688 0.209375 0.68125 0.207812 0.68125 0.204688 0.682812 0.203125 0.682812 0.198438 0.685938 0.195312 0.685938 0.190625 0.6875 0.189062 0.6875 0.179688 0.690625 0.176562 0.690625 0.15 0.692188 0.148438 0.692188 0.14375 0.69375 0.142188 0.69375 0.103125 0.692188 0.101562 0.692188 0.09375 0.690625 0.092188 0.690625 0.0875 0.689062 0.085938 0.689062 0.084375 0.6875 0.082812 0.6875 0.079688 0.685938 0.078125 0.685938 0.075 0.684375 0.073438 0.684375 0.06875 0.689062 0.064062 0.689062 0.0625 0.692188 0.059375 0.692188 0.05625 0.695312 0.053125 0.695312 0.05 0.698438 0.046875 0.698438 0.04375 0.701562 0.040625 0.701562 0.0375 0.704688 0.034375 0.704688 0.03125 0.707812 0.028125 0.707812 0.025 0.709375 0.023438 0.709375 0.0
1 0.0 0.0 0.0 0.464062 0.001562 0.464062 0.001562 0.459375 0.003125 0.457812 0.003125 0.453125 0.004688 0.451562 0.004688 0.442188 0.00625 0.440625 0.00625 0.4375 0.007812 0.435938 0.007812 0.423438 0.009375 0.421875 0.009375 0.410938 0.010938 0.409375 0.010938 0.373438 0.0125 0.371875 0.0125 0.353125 0.014062 0.351562 0.014062 0.34375 0.015625 0.342188 0.015625 0.329688 0.017188 0.328125 0.017188 0.31875 0.01875 0.317188 0.01875 0.310938 0.020312 0.309375 0.020312 0.3 0.021875 0.298438 0.021875 0.28125 0.023438 0.279688 0.023438 0.273438 0.025 0.271875 0.025 0.254688 0.026562 0.253125 0.026562 0.234375 0.028125 0.232812 0.028125 0.167188 0.026562 0.165625 0.026562 0.148438 0.025 0.146875 0.025 0.142188 0.023438 0.140625 0.023438 0.135938 0.021875 0.134375 0.021875 0.128125 0.020312 0.126562 0.020312 0.123438 0.01875 0.121875 0.01875 0.11875 0.017188 0.117188 0.017188 0.115625 0.015625 0.114062 0.015625 0.110938 0.014062 0.109375 0.014062 0.10625 0.009375 0.101562 0.009375 0.096875 0.007812 0.095312 0.007812 0.08125 0.009375 0.079688 0.009375 0.073438 0.010938 0.071875 0.010938 0.065625 0.0125 0.064062 0.0125 0.05625 0.014062 0.054688 0.014062 0.053125 0.015625 0.051562 0.015625 0.05 0.017188 0.048438 0.017188 0.046875 0.01875 0.045312 0.01875 0.04375 0.023438 0.039062 0.023438 0.0375 0.025 0.035938 0.026562 0.035938 0.028125 0.034375 0.028125 0.03125 0.03125 0.028125 0.03125 0.017188 0.029688 0.015625 0.029688 0.0125 0.028125 0.010938 0.028125 0.009375 0.026562 0.007812 0.026562 0.00625 0.025 0.00625 0.020312 0.001562 0.020312 0.0
2 0.945312 0.004688 0.94375 0.00625 0.935938 0.00625 0.935938 0.007812 0.934375 0.009375 0.928125 0.009375 0.926562 0.010938 0.91875 0.010938 0.917188 0.0125 0.910938 0.0125 0.910938 0.014062 0.909375 0.015625 0.904688 0.015625 0.903125 0.017188 0.901562 0.017188 0.9 0.01875 0.898438 0.01875 0.898438 0.020312 0.896875 0.021875 0.895312 0.021875 0.892188 0.025 0.890625 0.025 0.890625 0.028125 0.889062 0.029688 0.8875 0.029688 0.885938 0.03125 0.885938 0.032812 0.884375 0.034375 0.882812 0.034375 0.879688 0.0375 0.879688 0.039062 0.875 0.04375 0.875 0.046875 0.871875 0.05 0.870312 0.05 0.870312 0.053125 0.867188 0.05625 0.867188 0.057812 0.8625 0.0625 0.8625 0.064062 0.857812 0.06875 0.85625 0.06875 0.85625 0.071875 0.853125 0.075 0.853125 0.076562 0.848438 0.08125 0.848438 0.084375 0.845312 0.0875 0.845312 0.090625 0.842188 0.09375 0.842188 0.095312 0.839062 0.098438 0.839062 0.101562 0.8375 0.103125 0.835938 0.103125 0.832812 0.10625 0.832812 0.109375 0.829688 0.1125 0.829688 0.115625 0.826562 0.11875 0.826562 0.121875 0.825 0.123438 0.825 0.126562 0.823438 0.128125 0.823438 0.129688 0.821875 0.13125 0.821875 0.134375 0.81875 0.1375 0.81875 0.140625 0.817188 0.142188 0.817188 0.145312 0.815625 0.146875 0.815625 0.148438 0.814062 0.15 0.814062 0.153125 0.8125 0.154688 0.8125 0.159375 0.810938 0.160938 0.810938 0.164062 0.809375 0.165625 0.809375 0.167188 0.807812 0.16875 0.807812 0.170312 0.80625 0.171875 0.80625 0.173438 0.804688 0.175 0.804688 0.178125 0.803125 0.179688 0.803125 0.182812 0.798438 0.1875 0.798438 0.190625 0.795312 0.19375 0.795312 0.196875 0.79375 0.198438 0.79375 0.201562 0.792188 0.203125 0.792188 0.204688 0.790625 0.20625 0.790625 0.210938 0.789062 0.2125 0.789062 0.217188 0.7875 0.21875 0.7875 0.221875 0.785938 0.223438 0.785938 0.229688 0.784375 0.23125 0.784375 0.234375 0.782812 0.235938 0.782812 0.239062 0.78125 0.240625 0.78125 0.242188 0.779688 0.24375 0.779688 0.248438 0.778125 0.25 0.778125 0.253125 0.775 0.25625 0.775 0.259375 0.771875 0.2625 0.771875 0.265625 0.770312 0.267188 0.770312 0.270312 0.767188 0.273438 0.767188 0.276562 0.765625 0.278125 0.765625 0.279688 0.764062 0.28125 0.764062 0.284375 0.7625 0.285938 0.7625 0.289062 0.760938 0.290625 0.760938 0.295312 0.759375 0.296875 0.759375 0.301562 0.757812 0.303125 0.757812 0.304688 0.75625 0.30625 0.75625 0.309375 0.754688 0.310938 0.754688 0.315625 0.753125 0.317188 0.753125 0.320312 0.751562 0.321875 0.751562 0.326562 0.75 0.328125 0.75 0.329688 0.748438 0.33125 0.748438 0.335938 0.746875 0.3375 0.746875 0.342188 0.745312 0.34375 0.745312 0.351562 0.74375 0.353125 0.74375 0.359375 0.742188 0.360938 0.742188 0.365625 0.740625 0.367188 0.740625 0.371875 0.739062 0.373438 0.739062 0.378125 0.7375 0.379688 0.7375 0.385938 0.735938 0.3875 0.735938 0.392188 0.734375 0.39375 0.734375 0.401562 0.732812 0.403125 0.732812 0.409375 0.73125 0.410938 0.73125 0.415625 0.729688 0.417188 0.729688 0.421875 0.728125 0.423438 0.728125 0.429688 0.726562 0.43125 0.726562 0.434375 0.725 0.435938 0.725 0.439062 0.723438 0.440625 0.723438 0.442188 0.721875 0.44375 0.721875 0.446875 0.720312 0.448438 0.720312 0.453125 0.71875 0.454688 0.71875 0.457812 0.717188 0.459375 0.717188 0.464062 0.715625 0.465625 0.715625 0.470312 0.714062 0.471875 0.714062 0.473438 0.7125 0.475 0.7125 0.476562 0.710938 0.478125 0.710938 0.479688 0.709375 0.48125 0.709375 0.484375 0.707812 0.485938 0.707812 0.489062 0.70625 0.490625 0.70625 0.492188 0.704688 0.49375 0.704688 0.495312 0.703125 0.496875 0.703125 0.498438 0.701562 0.5 0.701562 0.503125 0.7 0.504687 0.7 0.507812 0.698438 0.509375 0.698438 0.510938 0.696875 0.5125 0.696875 0.515625 0.695312 0.517188 0.695312 0.520312 0.69375 0.521875 0.69375 0.523438 0.692188 0.525 0.692188 0.529688 0.690625 0.53125 0.690625 0.534375 0.689062 0.535938 0.689062 0.539062 0.6875 0.540625 0.6875 0.542188 0.685938 0.54375 0.685938 0.551562 0.684375 0.553125 0.684375 0.557812 0.682812 0.559375 0.682812 0.560938 0.68125 0.5625 0.68125 0.565625 0.679688 0.567188 0.679688 0.570312 0.678125 0.571875 0.678125 0.576562 0.676562 0.578125 0.676562 0.584375 0.675 0.585938 0.675 0.590625 0.673438 0.592188 0.673438 0.595312 0.671875 0.596875 0.671875 0.601562 0.670312 0.603125 0.670312 0.607812 0.66875 0.609375 0.66875 0.610938 0.667188 0.6125 0.667188 0.617188 0.665625 0.61875 0.665625 0.621875 0.664062 0.623438 0.664062 0.628125 0.6625 0.629688 0.6625 0.632812 0.660938 0.634375 0.660938 0.635938 0.659375 0.6375 0.657812 0.6375 0.657812 0.640625 0.654688 0.64375 0.654688 0.646875 0.651562 0.65 0.651562 0.653125 0.648438 0.65625 0.648438 0.659375 0.646875 0.660938 0.646875 0.664062 0.64375 0.667188 0.64375 0.670312 0.640625 0.673438 0.640625 0.676562 0.635938 0.68125 0.635938 0.684375 0.632812 0.6875 0.632812 0.689062 0.629688 0.692188 0.629688 0.695312 0.625 0.7 0.625 0.703125 0.623438 0.704688 0.621875 0.704688 0.621875 0.707812 0.617188 0.7125 0.617188 0.714062 0.615625 0.715625 0.615625 0.717188 0.614062 0.71875 0.614062 0.720312 0.609375 0.725 0.609375 0.726562 0.604688 0.73125 0.601562 0.73125 0.601562 0.732812 0.6 0.734375 0.596875 0.734375 0.595312 0.735938 0.59375 0.735938 0.592188 0.7375 0.590625 0.7375 0.590625 0.739062 0.589062 0.740625 0.5875 0.740625 0.584375 0.74375 0.582812 0.74375 0.582812 0.745312 0.58125 0.746875 0.579688 0.746875 0.576562 0.75 0.575 0.75 0.575 0.751562 0.573438 0.753125 0.571875 0.753125 0.56875 0.75625 0.567188 0.75625 0.567188 0.757812 0.5625 0.7625 0.5625 0.764062 0.560938 0.765625 0.559375 0.765625 0.557812 0.767188 0.55625 0.767188 0.554688 0.76875 0.554688 0.770312 0.553125 0.771875 0.551562 0.771875 0.548438 0.775 0.548438 0.776562 0.546875 0.778125 0.545312 0.778125 0.54375 0.779688 0.542188 0.779688 0.540625 0.78125 0.5375 0.78125 0.5375 0.782812 0.535938 0.784375 0.532812 0.784375 0.53125 0.785938 0.528125 0.785938 0.526562 0.7875 0.514062 0.7875 0.514062 0.789062 0.5125 0.790625 0.471875 0.790625 0.470312 0.789062 0.470312 0.7875 0.434375 0.7875 0.432812 0.785938 0.429688 0.785938 0.428125 0.784375 0.423438 0.784375 0.421875 0.782812 0.421875 0.78125 0.420312 0.78125 0.417188 0.778125 0.415625 0.778125 0.414062 0.776562 0.414062 0.775 0.4125 0.775 0.410938 0.773438 0.407812 0.773438 0.40625 0.771875 0.404688 0.771875 0.403125 0.770312 0.403125 0.76875 0.401562 0.76875 0.398438 0.765625 0.396875 0.765625 0.395312 0.764062 0.395312 0.7625 0.392188 0.7625 0.390625 0.760938 0.385938 0.760938 0.384375 0.759375 0.38125 0.759375 0.379688 0.757812 0.379688 0.75625 0.370312 0.75625 0.36875 0.754688 0.364062 0.754688 0.360938 0.751562 0.360938 0.75 0.359375 0.75 0.35625 0.746875 0.353125 0.746875 0.351562 0.745312 0.351562 0.74375 0.35 0.74375 0.346875 0.740625 0.34375 0.740625 0.342188 0.739062 0.342188 0.7375 0.340625 0.7375 0.335938 0.732812 0.335938 0.73125 0.334375 0.73125 0.329688 0.726562 0.329688 0.725 0.326562 0.721875 0.325 0.721875 0.323438 0.720312 0.323438 0.71875 0.321875 0.717188 0.320312 0.717188 0.317188 0.714062 0.317188 0.7125 0.3125 0.707812 0.3125 0.70625 0.307812 0.701562 0.307812 0.698438 0.304688 0.695312 0.304688 0.69375 0.3 0.689062 0.3 0.6875 0.296875 0.684375 0.295312 0.684375 0.29375 0.682812 0.29375 0.68125 0.289062 0.676562 0.289062 0.675 0.284375 0.670312 0.284375 0.66875 0.28125 0.665625 0.28125 0.6625 0.278125 0.659375 0.278125 0.65625 0.273438 0.651562 0.273438 0.65 0.26875 0.645312 0.26875 0.64375 0.267188 0.64375 0.264062 0.640625 0.2625 0.640625 0.260938 0.639062 0.260938 0.6375 0.259375 0.635938 0.259375 0.634375 0.257812 0.632812 0.257812 0.63125 0.25625 0.629688 0.25625 0.628125 0.254688 0.626562 0.254688 0.623438 0.251563 0.620312 0.251563 0.617188 0.248438 0.614062 0.248438 0.6125 0.246875 0.610938 0.246875 0.609375 0.245312 0.607812 0.245312 0.60625 0.240625 0.601562 0.240625 0.598438 0.239062 0.596875 0.239062 0.59375 0.2375 0.592188 0.2375 0.590625 0.235938 0.589062 0.235938 0.585938 0.234375 0.584375 0.234375 0.58125 0.232812 0.579688 0.232812 0.575 0.23125 0.573438 0.23125 0.571875 0.229688 0.570312 0.229688 0.567188 0.228125 0.565625 0.228125 0.5625 0.226562 0.560938 0.226562 0.559375 0.225 0.557812 0.225 0.554688 0.223438 0.553125 0.223438 0.548438 0.221875 0.546875 0.221875 0.54375 0.220312 0.542188 0.220312 0.540625 0.21875 0.539062 0.21875 0.535938 0.215625 0.532812 0.215625 0.529688 0.214062 0.528125 0.214062 0.525 0.2125 0.523438 0.2125 0.521875 0.210938 0.520312 0.210938 0.51875 0.209375 0.517188 0.209375 0.515625 0.207812 0.514062 0.207812 0.5125 0.209375 0.510938 0.210938 0.510938 0.214062 0.507812 0.214062 0.50625 0.21875 0.501562 0.21875 0.5 0.223438 0.495312 0.223438 0.492188 0.226562 0.489062 0.228125 0.489062 0.228125 0.4875 0.229688 0.485938 0.245312 0.485938 0.248438 0.482812 0.248438 0.479688 0.25 0.478125 0.25 0.475 0.251563 0.473438 0.251563 0.46875 0.253125 0.467188 0.253125 0.465625 0.254688 0.464062 0.254688 0.4625 0.25625 0.460938 0.25625 0.459375 0.257812 0.457812 0.257812 0.454688 0.259375 0.453125 0.259375 0.45 0.260938 0.448438 0.260938 0.446875 0.2625 0.445312 0.2625 0.44375 0.264062 0.442188 0.264062 0.440625 0.265625 0.439062 0.265625 0.4375 0.267188 0.435938 0.267188 0.434375 0.26875 0.432812 0.26875 0.425 0.267188 0.423438 0.267188 0.421875 0.265625 0.420312 0.265625 0.417188 0.267188 0.415625 0.267188 0.4125 0.271875 0.407812 0.273438 0.407812 0.273438 0.40625 0.275 0.404688 0.276562 0.404688 0.279688 0.401562 0.279688 0.4 0.282812 0.396875 0.282812 0.392188 0.28125 0.390625 0.28125 0.385938 0.279688 0.384375 0.279688 0.38125 0.278125 0.379688 0.278125 0.365625 0.276562 0.364062 0.276562 0.334375 0.275 0.332812 0.275 0.325 0.273438 0.323438 0.273438 0.31875 0.271875 0.317188 0.271875 0.303125 0.273438 0.301562 0.273438 0.28125 0.271875 0.279688 0.271875 0.278125 0.270312 0.276562 0.270312 0.275 0.26875 0.273438 0.265625 0.273438 0.264062 0.275 0.264062 0.276562 0.2625 0.278125 0.260938 0.278125 0.260938 0.279688 0.259375 0.28125 0.257812 0.279688 0.257812 0.273438 0.25625 0.271875 0.25625 0.260938 0.254688 0.259375 0.254688 0.248438 0.251563 0.245312 0.251563 0.24375 0.25 0.242188 0.248438 0.242188 0.246875 0.240625 0.245312 0.240625 0.24375 0.239062 0.24375 0.2375 0.240625 0.234375 0.239062 0.234375 0.2375 0.232812 0.2375 0.23125 0.235938 0.229688 0.234375 0.229688 0.23125 0.226562 0.23125 0.225 0.229688 0.223438 0.228125 0.223438 0.226562 0.221875 0.226562 0.21875 0.225 0.217188 0.225 0.2125 0.220312 0.207812 0.220312 0.20625 0.21875 0.20625 0.215625 0.203125 0.214062 0.203125 0.2125 0.201562 0.2125 0.2 0.210938 0.198438 0.209375 0.198438 0.207812 0.196875 0.20625 0.196875 0.204688 0.195312 0.204688 0.19375 0.2 0.189062 0.2 0.1875 0.195312 0.182812 0.195312 0.18125 0.192188 0.178125 0.189062 0.178125 0.1875 0.176562 0.1875 0.175 0.18125 0.175 0.18125 0.176562 0.176562 0.18125 0.176562 0.182812 0.175 0.184375 0.167188 0.184375 0.165625 0.182812 0.165625 0.18125 0.1625 0.18125 0.160938 0.179688 0.159375 0.179688 0.157812 0.178125 0.154688 0.18125 0.154688 0.182812 0.153125 0.184375 0.129688 0.184375 0.128125 0.185938 0.126562 0.185938 0.125 0.1875 0.123438 0.1875 0.123438 0.189062 0.120312 0.192188 0.120312 0.198438 0.167188 0.198438 0.16875 0.2 0.16875 0.201562 0.170312 0.203125 0.176562 0.203125 0.178125 0.204688 0.18125 0.204688 0.182812 0.20625 0.182812 0.207812 0.184375 0.209375 0.184375 0.242188 0.185938 0.24375 0.185938 0.253125 0.1875 0.254688 0.1875 0.265625 0.184375 0.26875 0.184375 0.270312 0.182812 0.271875 0.15625 0.271875 0.154688 0.270312 0.154688 0.26875 0.128125 0.26875 0.126562 0.267188 0.125 0.267188 0.123438 0.265625 0.11875 0.265625 0.117188 0.264062 0.117188 0.2625 0.115625 0.2625 0.114062 0.260938 0.114062 0.248438 0.1125 0.246875 0.1125 0.240625 0.110938 0.239062 0.110938 0.210938 0.1125 0.209375 0.1125 0.204688 0.110938 0.203125 0.107812 0.20625 0.10625 0.20625 0.10625 0.207812 0.104688 0.209375 0.103125 0.209375 0.101562 0.210938 0.1 0.210938 0.098438 0.2125 0.098438 0.214062 0.096875 0.215625 0.096875 0.221875 0.09375 0.225 0.09375 0.226562 0.092188 0.228125 0.089062 0.228125 0.0875 0.229688 0.085938 0.229688 0.084375 0.23125 0.084375 0.232812 0.079688 0.2375 0.079688 0.245312 0.075 0.25 0.075 0.251563 0.071875 0.254688 0.071875 0.257812 0.070312 0.259375 0.070312 0.264062 0.065625 0.26875 0.065625 0.270312 0.064062 0.271875 0.0625 0.271875 0.0625 0.273438 0.060938 0.275 0.060938 0.276562 0.059375 0.278125 0.059375 0.279688 0.057812 0.28125 0.057812 0.284375 0.05625 0.285938 0.05625 0.289062 0.054688 0.290625 0.051562 0.290625 0.05 0.292188 0.046875 0.292188 0.045312 0.29375 0.040625 0.29375 0.040625 0.295312 0.035938 0.3 0.035938 0.301562 0.0375 0.303125 0.0375 0.314062 0.039062 0.315625 0.039062 0.321875 0.040625 0.323438 0.040625 0.326562 0.039062 0.328125 0.039062 0.332812 0.040625 0.334375 0.042188 0.334375 0.04375 0.335938 0.04375 0.339062 0.045312 0.340625 0.045312 0.353125 0.046875 0.354688 0.046875 0.357812 0.046875 0.35625 0.048438 0.354688 0.048438 0.340625 0.05 0.339062 0.051562 0.339062 0.051562 0.3375 0.05625 0.332812 0.05625 0.33125 0.057812 0.329688 0.082812 0.329688 0.084375 0.33125 0.084375 0.332812 0.107812 0.332812 0.109375 0.334375 0.110938 0.334375 0.114062 0.3375 0.114062 0.342188 0.115625 0.34375 0.115625 0.382812 0.114062 0.384375 0.114062 0.395312 0.109375 0.4 0.109375 0.401562 0.107812 0.403125 0.070312 0.403125 0.06875 0.401562 0.06875 0.4 0.067188 0.4 0.065625 0.398438 0.0625 0.398438 0.060938 0.4 0.060938 0.401562 0.059375 0.403125 0.057812 0.403125 0.05625 0.401562 0.05625 0.398438 0.054688 0.396875 0.053125 0.398438 0.054688 0.4 0.054688 0.403125 0.05625 0.404688 0.05625 0.407812 0.057812 0.409375 0.057812 0.414062 0.059375 0.415625 0.059375 0.423438 0.057812 0.425 0.057812 0.428125 0.05625 0.429688 0.057812 0.43125 0.057812 0.434375 0.060938 0.4375 0.060938 0.440625 0.0625 0.440625 0.065625 0.44375 0.065625 0.445312 0.067188 0.445312 0.06875 0.446875 0.071875 0.446875 0.073438 0.448438 0.075 0.448438 0.076562 0.45 0.076562 0.471875 0.078125 0.473438 0.078125 0.476562 0.08125 0.479688 0.0875 0.479688 0.089062 0.48125 0.089062 0.482812 0.095312 0.482812 0.096875 0.484375 0.096875 0.485938 0.098438 0.4875 0.098438 0.496875 0.1 0.498438 0.1 0.501562 0.121875 0.501562 0.121875 0.5 0.123438 0.498438 0.125 0.498438 0.126562 0.496875 0.126562 0.49375 0.128125 0.492188 0.132812 0.492188 0.134375 0.49375 0.134375 0.495312 0.135938 0.495312 0.139062 0.498438 0.139062 0.501562 0.142188 0.504687 0.142188 0.507812 0.146875 0.5125 0.146875 0.514062 0.15 0.514062 0.151562 0.515625 0.164062 0.515625 0.165625 0.517188 0.165625 0.529688 0.167188 0.53125 0.167188 0.535938 0.16875 0.5375 0.16875 0.540625 0.171875 0.54375 0.171875 0.546875 0.173438 0.548438 0.173438 0.553125 0.175 0.554688 0.175 0.557812 0.178125 0.560938 0.178125 0.564062 0.179688 0.565625 0.179688 0.570312 0.18125 0.571875 0.18125 0.573438 0.182812 0.575 0.182812 0.578125 0.184375 0.579688 0.184375 0.582812 0.185938 0.584375 0.185938 0.589062 0.1875 0.590625 0.1875 0.592188 0.189062 0.59375 0.189062 0.596875 0.190625 0.598438 0.190625 0.601562 0.192188 0.603125 0.192188 0.604688 0.19375 0.60625 0.19375 0.610938 0.195312 0.6125 0.195312 0.615625 0.196875 0.617188 0.196875 0.620312 0.198438 0.621875 0.198438 0.623438 0.2 0.625 0.2 0.628125 0.201562 0.629688 0.201562 0.632812 0.20625 0.6375 0.20625 0.640625 0.209375 0.64375 0.209375 0.645312 0.214062 0.65 0.214062 0.653125 0.215625 0.654688 0.215625 0.657812 0.21875 0.660938 0.21875 0.664062 0.220312 0.665625 0.220312 0.667188 0.221875 0.66875 0.221875 0.670312 0.223438 0.671875 0.223438 0.673438 0.225 0.675 0.225 0.676562 0.229688 0.68125 0.229688 0.682812 0.234375 0.6875 0.234375 0.689062 0.235938 0.689062 0.239062 0.692188 0.240625 0.692188 0.242188 0.69375 0.242188 0.695312 0.246875 0.7 0.246875 0.703125 0.25 0.70625 0.25 0.707812 0.251563 0.709375 0.251563 0.710938 0.253125 0.7125 0.253125 0.714062 0.257812 0.71875 0.257812 0.720312 0.2625 0.725 0.2625 0.726562 0.265625 0.729688 0.267188 0.729688 0.26875 0.73125 0.26875 0.732812 0.273438 0.7375 0.273438 0.739062 0.275 0.740625 0.275 0.742188 0.276562 0.74375 0.276562 0.745312 0.28125 0.75 0.28125 0.751562 0.285938 0.75625 0.285938 0.757812 0.290625 0.7625 0.290625 0.764062 0.292188 0.765625 0.29375 0.765625 0.296875 0.76875 0.296875 0.770312 0.298438 0.770312 0.303125 0.775 0.303125 0.776562 0.304688 0.778125 0.30625 0.778125 0.309375 0.78125 0.309375 0.782812 0.310938 0.782812 0.314062 0.785938 0.315625 0.785938 0.317188 0.7875 0.317188 0.789062 0.31875 0.790625 0.320312 0.790625 0.321875 0.792188 0.323438 0.792188 0.325 0.79375 0.325 0.795312 0.326562 0.795312 0.33125 0.8 0.33125 0.801562 0.332812 0.801562 0.334375 0.803125 0.335938 0.803125 0.3375 0.804688 0.339062 0.804688 0.340625 0.80625 0.340625 0.807812 0.345312 0.8125 0.345312 0.815625 0.348438 0.81875 0.348438 0.820312 0.353125 0.825 0.353125 0.826562 0.354688 0.826562 0.357812 0.829688 0.359375 0.829688 0.360938 0.83125 0.360938 0.832812 0.364062 0.832812 0.365625 0.834375 0.370312 0.834375 0.371875 0.835938 0.375 0.835938 0.376562 0.8375 0.376562 0.839062 0.382812 0.839062 0.384375 0.840625 0.3875 0.840625 0.389062 0.842188 0.396875 0.842188 0.398438 0.84375 0.398438 0.845312 0.417188 0.845312 0.41875 0.846875 0.426562 0.846875 0.428125 0.848438 0.434375 0.848438 0.435938 0.85 0.435938 0.851562 0.44375 0.851562 0.445312 0.853125 0.451562 0.853125 0.453125 0.854688 0.464062 0.854688 0.465625 0.85625 0.465625 0.857812 0.48125 0.857812 0.482812 0.859375 0.526562 0.859375 0.528125 0.857812 0.532812 0.857812 0.532812 0.85625 0.534375 0.854688 0.542188 0.854688 0.54375 0.853125 0.551562 0.853125 0.553125 0.851562 0.554688 0.851562 0.554688 0.85 0.55625 0.848438 0.557812 0.848438 0.559375 0.846875 0.560938 0.846875 0.5625 0.845312 0.5625 0.84375 0.565625 0.840625 0.567188 0.840625 0.56875 0.839062 0.570312 0.839062 0.570312 0.8375 0.571875 0.835938 0.573438 0.835938 0.576562 0.832812 0.578125 0.832812 0.578125 0.83125 0.579688 0.829688 0.58125 0.829688 0.582812 0.828125 0.584375 0.828125 0.585938 0.826562 0.5875 0.826562 0.5875 0.825 0.590625 0.821875 0.592188 0.821875 0.59375 0.820312 0.595312 0.820312 0.595312 0.81875 0.596875 0.817188 0.598438 0.817188 0.6 0.815625 0.601562 0.815625 0.603125 0.814062 0.603125 0.8125 0.60625 0.809375 0.607812 0.809375 0.609375 0.807812 0.609375 0.80625 0.614062 0.801562 0.615625 0.801562 0.615625 0.8 0.620312 0.795312 0.620312 0.79375 0.625 0.789062 0.625 0.7875 0.629688 0.782812 0.629688 0.78125 0.63125 0.779688 0.632812 0.779688 0.635938 0.776562 0.635938 0.775 0.640625 0.770312 0.640625 0.76875 0.645312 0.764062 0.645312 0.7625 0.646875 0.760938 0.646875 0.759375 0.648438 0.757812 0.648438 0.75625 0.653125 0.751562 0.653125 0.75 0.65625 0.746875 0.65625 0.74375 0.660938 0.739062 0.660938 0.7375 0.6625 0.735938 0.6625 0.734375 0.664062 0.732812 0.664062 0.73125 0.66875 0.726562 0.66875 0.723438 0.671875 0.720312 0.671875 0.71875 0.673438 0.717188 0.673438 0.715625 0.675 0.714062 0.675 0.710938 0.678125 0.707812 0.678125 0.70625 0.682812 0.701562 0.682812 0.7 0.6875 0.695312 0.6875 0.692188 0.690625 0.689062 0.690625 0.6875 0.69375 0.684375 0.69375 0.68125 0.695312 0.679688 0.695312 0.678125 0.696875 0.676562 0.696875 0.673438 0.7 0.670312 0.7 0.667188 0.703125 0.664062 0.703125 0.660938 0.704688 0.659375 0.704688 0.65625 0.707812 0.653125 0.707812 0.65 0.710938 0.646875 0.710938 0.64375 0.7125 0.642188 0.7125 0.640625 0.714062 0.639062 0.714062 0.6375 0.715625 0.635938 0.715625 0.634375 0.717188 0.632812 0.717188 0.629688 0.71875 0.628125 0.71875 0.623438 0.720312 0.621875 0.720312 0.617188 0.721875 0.615625 0.721875 0.609375 0.723438 0.607812 0.723438 0.6 0.725 0.598438 0.725 0.596875 0.726562 0.595312 0.726562 0.592188 0.728125 0.590625 0.728125 0.5875 0.729688 0.585938 0.729688 0.584375 0.73125 0.582812 0.73125 0.579688 0.732812 0.578125 0.732812 0.573438 0.734375 0.571875 0.734375 0.567188 0.735938 0.565625 0.735938 0.560938 0.7375 0.559375 0.7375 0.55625 0.739062 0.554688 0.739062 0.55 0.740625 0.548438 0.740625 0.54375 0.742188 0.542188 0.742188 0.5375 0.74375 0.535938 0.74375 0.53125 0.745312 0.529688 0.745312 0.523438 0.746875 0.521875 0.746875 0.51875 0.748438 0.517188 0.748438 0.5125 0.751562 0.509375 0.751562 0.50625 0.753125 0.504687 0.753125 0.503125 0.754688 0.501562 0.754688 0.498438 0.757812 0.495312 0.757812 0.492188 0.759375 0.490625 0.759375 0.4875 0.760938 0.485938 0.760938 0.48125 0.7625 0.479688 0.7625 0.478125 0.764062 0.476562 0.764062 0.475 0.765625 0.473438 0.765625 0.471875 0.767188 0.470312 0.767188 0.467188 0.76875 0.465625 0.76875 0.460938 0.770312 0.459375 0.770312 0.453125 0.771875 0.451562 0.771875 0.448438 0.773438 0.446875 0.773438 0.442188 0.775 0.440625 0.775 0.435938 0.776562 0.434375 0.776562 0.43125 0.778125 0.429688 0.778125 0.428125 0.779688 0.426562 0.779688 0.423438 0.78125 0.421875 0.78125 0.417188 0.782812 0.415625 0.782812 0.4125 0.784375 0.410938 0.784375 0.409375 0.785938 0.407812 0.785938 0.404688 0.7875 0.403125 0.7875 0.4 0.789062 0.398438 0.789062 0.39375 0.790625 0.392188 0.790625 0.385938 0.792188 0.384375 0.792188 0.38125 0.79375 0.379688 0.79375 0.378125 0.795312 0.376562 0.795312 0.373438 0.796875 0.371875 0.796875 0.367188 0.8 0.364062 0.8 0.360938 0.801562 0.359375 0.801562 0.35625 0.803125 0.354688 0.803125 0.35 0.804688 0.348438 0.804688 0.346875 0.80625 0.345312 0.80625 0.342188 0.809375 0.339062 0.809375 0.335938 0.8125 0.332812 0.8125 0.329688 0.814062 0.328125 0.814062 0.325 0.815625 0.323438 0.815625 0.321875 0.817188 0.320312 0.817188 0.317188 0.81875 0.315625 0.81875 0.3125 0.821875 0.309375 0.821875 0.30625 0.823438 0.304688 0.823438 0.303125 0.825 0.301562 0.825 0.298438 0.828125 0.295312 0.828125 0.29375 0.829688 0.292188 0.829688 0.290625 0.83125 0.289062 0.83125 0.285938 0.834375 0.282812 0.834375 0.279688 0.835938 0.278125 0.835938 0.275 0.8375 0.273438 0.8375 0.271875 0.839062 0.270312 0.839062 0.267188 0.840625 0.265625 0.840625 0.2625 0.84375 0.259375 0.84375 0.25625 0.845312 0.254688 0.845312 0.25 0.846875 0.248438 0.846875 0.246875 0.848438 0.245312 0.848438 0.242188 0.85 0.240625 0.85 0.2375 0.851562 0.235938 0.851562 0.23125 0.853125 0.229688 0.853125 0.228125 0.854688 0.226562 0.854688 0.223438 0.85625 0.221875 0.85625 0.21875 0.857812 0.217188 0.857812 0.2125 0.859375 0.210938 0.859375 0.209375 0.860938 0.207812 0.860938 0.203125 0.8625 0.201562 0.8625 0.196875 0.864062 0.195312 0.864062 0.190625 0.865625 0.189062 0.865625 0.184375 0.867188 0.182812 0.867188 0.18125 0.86875 0.179688 0.86875 0.178125 0.870312 0.176562 0.870312 0.173438 0.873438 0.170312 0.873438 0.167188 0.875 0.165625 0.875 0.160938 0.876562 0.159375 0.876562 0.15625 0.878125 0.154688 0.878125 0.153125 0.879688 0.151562 0.879688 0.146875 0.88125 0.145312 0.88125 0.142188 0.882812 0.140625 0.882812 0.1375 0.884375 0.135938 0.884375 0.134375 0.885938 0.132812 0.885938 0.13125 0.889062 0.128125 0.889062 0.125 0.890625 0.123438 0.890625 0.121875 0.892188 0.120312 0.892188 0.11875 0.895312 0.115625 0.895312 0.1125 0.9 0.107812 0.9 0.104688 0.903125 0.101562 0.903125 0.098438 0.90625 0.095312 0.90625 0.09375 0.907812 0.092188 0.907812 0.090625 0.909375 0.089062 0.909375 0.0875 0.9125 0.084375 0.9125 0.08125 0.914062 0.079688 0.914062 0.078125 0.915625 0.076562 0.917188 0.076562 0.917188 0.075 0.91875 0.073438 0.921875 0.073438 0.923438 0.071875 0.928125 0.071875 0.929688 0.070312 0.9375 0.070312 0.9375 0.06875 0.939062 0.067188 0.946875 0.067188 0.948438 0.065625 0.95625 0.065625 0.957812 0.064062 0.984375 0.064062 0.9875 0.067188 0.989062 0.067188 0.990625 0.06875 0.990625 0.070312 0.99375 0.073438 0.995312 0.073438 0.996875 0.075 0.996875 0.076562 0.998438 0.076562 0.998438 0.00625 0.996875 0.00625 0.995312 0.004688
3 0.804688 0.798438 0.803125 0.8 0.803125 0.803125 0.801562 0.804688 0.801562 0.809375 0.803125 0.810938 0.801562 0.8125 0.8 0.8125 0.8 0.814062 0.798438 0.815625 0.795312 0.815625 0.79375 0.817188 0.790625 0.817188 0.789062 0.81875 0.785938 0.81875 0.785938 0.820312 0.784375 0.821875 0.784375 0.826562 0.785938 0.828125 0.790625 0.828125 0.79375 0.83125 0.79375 0.832812 0.971875 0.832812 0.971875 0.83125 0.973438 0.829688 0.973438 0.825 0.970312 0.821875 0.971875 0.820312 0.975 0.820312 0.975 0.81875 0.976562 0.817188 0.979688 0.817188 0.982812 0.814062 0.982812 0.809375 0.98125 0.807812 0.98125 0.80625 0.979688 0.80625 0.978125 0.804688 0.975 0.804688 0.973438 0.803125 0.971875 0.803125 0.970312 0.801562 0.970312 0.8 0.967188 0.8 0.965625 0.798438
4 0.207812 0.2875 0.207812 0.289062 0.20625 0.290625 0.192188 0.290625 0.190625 0.292188 0.178125 0.292188 0.176562 0.29375 0.164062 0.29375 0.164062 0.295312 0.1625 0.296875 0.13125 0.296875 0.129688 0.298438 0.120312 0.298438 0.120312 0.307812 0.121875 0.309375 0.121875 0.326562 0.123438 0.328125 0.123438 0.345312 0.125 0.346875 0.125 0.364062 0.126562 0.365625 0.126562 0.382812 0.128125 0.384375 0.128125 0.401562 0.129688 0.403125 0.129688 0.420312 0.13125 0.421875 0.13125 0.432812 0.1375 0.432812 0.1375 0.43125 0.139062 0.429688 0.157812 0.429688 0.159375 0.428125 0.178125 0.428125 0.179688 0.426562 0.198438 0.426562 0.198438 0.425 0.2 0.423438 0.220312 0.423438 0.221875 0.421875 0.225 0.421875 0.225 0.409375 0.223438 0.407812 0.223438 0.373438 0.221875 0.371875 0.221875 0.3375 0.220312 0.335938 0.220312 0.303125 0.21875 0.301562 0.21875 0.290625 0.217188 0.290625 0.215625 0.289062 0.215625 0.2875
