0 0.998438 0.789062 0.998438 0.795312 0.996875 0.796875 0.996875 0.801562 0.995312 0.803125 0.995312 0.80625 0.99375 0.807812 0.99375 0.8125 0.992188 0.814062 0.992188 0.81875 0.990625 0.820312 0.990625 0.823438 0.989062 0.825 0.989062 0.829688 0.9875 0.83125 0.9875 0.835938 0.985938 0.8375 0.985938 0.840625 0.984375 0.842188 0.984375 0.84375 0.982812 0.845312 0.982812 0.848438 0.98125 0.85 0.98125 0.853125 0.979688 0.854688 0.979688 0.85625 0.978125 0.857812 0.978125 0.865625 0.976562 0.867188 0.976562 0.873438 0.975 0.875 0.975 0.89375 0.973438 0.895312 0.973438 0.90625 0.971875 0.907812 0.971875 0.9125 0.970312 0.914062 0.970312 0.920312 0.96875 0.921875 0.96875 0.923438 0.967188 0.925 0.967188 0.928125 0.965625 0.929688 0.965625 0.932812 0.964062 0.934375 0.964062 0.935938 0.9625 0.9375 0.9625 0.939062 0.960938 0.940625 0.960938 0.942188 0.959375 0.94375 0.959375 0.945312 0.957812 0.946875 0.957812 0.948438 0.95625 0.95 0.95625 0.951562 0.953125 0.954688 0.953125 0.957812 0.948438 0.9625 0.948438 0.964062 0.946875 0.965625 0.946875 0.967188 0.945312 0.96875 0.945312 0.970312 0.940625 0.975 0.940625 0.976562 0.9375 0.979688 0.9375 0.989062 0.935938 0.990625 0.935938 0.995312 0.934375 0.996875 0.934375 0.998438 0.998438 0.998438
0 0.175 0.551562 0.175 0.553125 0.179688 0.553125 0.179688 0.551562
0 0.115625 0.54375 0.115625 0.546875 0.120312 0.551562 0.120312 0.553125 0.123438 0.553125 0.125 0.554688 0.126562 0.554688 0.125 0.554688 0.123438 0.553125 0.123438 0.551562 0.121875 0.551562 0.117188 0.546875 0.117188 0.545312
0 0.198438 0.5375 0.198438 0.542188 0.195312 0.545312 0.195312 0.546875 0.192188 0.55 0.189062 0.55 0.19375 0.55 0.196875 0.546875 0.196875 0.545312 0.198438 0.54375
0 0.201562 0.489062 0.201562 0.49375 0.198438 0.496875 0.198438 0.498438 0.2 0.498438 0.2 0.496875 0.201562 0.495312
0 0.114062 0.471875 0.114062 0.473438 0.110938 0.476562 0.110938 0.479688 0.110938 0.478125 0.115625 0.473438 0.120312 0.473438 0.120312 0.471875
0 0.109375 0.464062 0.110938 0.465625 0.110938 0.467188 0.110938 0.464062
0 0.18125 0.45625 0.185938 0.45625 0.1875 0.457812 0.189062 0.457812 0.190625 0.459375 0.190625 0.460938 0.195312 0.465625 0.195312 0.467188 0.2 0.471875 0.2 0.475 0.201562 0.476562 0.201562 0.48125 0.201562 0.476562 0.2 0.475 0.2 0.471875 0.198438 0.470312 0.198438 0.46875 0.196875 0.467188 0.196875 0.465625 0.192188 0.460938 0.192188 0.459375 0.190625 0.459375 0.189062 0.457812 0.1875 0.457812 0.185938 0.45625
0 0.154688 0.45625 0.153125 0.457812 0.151562 0.457812 0.15 0.459375 0.148438 0.459375 0.148438 0.460938 0.146875 0.4625 0.145312 0.4625 0.142188 0.465625 0.142188 0.467188 0.140625 0.46875 0.142188 0.46875 0.14375 0.467188 0.14375 0.465625 0.148438 0.460938 0.151562 0.460938 0.151562 0.459375 0.154688 0.45625 0.159375 0.45625
0 0.304688 0.371875 0.304688 0.376562 0.303125 0.378125 0.303125 0.38125 0.298438 0.385938 0.298438 0.3875 0.296875 0.389062 0.29375 0.389062 0.298438 0.389062 0.3 0.3875 0.3 0.385938 0.303125 0.382812 0.303125 0.379688 0.304688 0.378125
0 0.159375 0.370312 0.157812 0.371875 0.15625 0.371875 0.154688 0.373438 0.154688 0.375 0.153125 0.376562 0.151562 0.376562 0.15 0.378125 0.15 0.38125 0.146875 0.384375 0.15 0.38125 0.15 0.379688 0.154688 0.375 0.15625 0.375 0.15625 0.373438
0 0.2125 0.364062 0.2125 0.370312 0.214062 0.371875 0.214062 0.375 0.215625 0.376562 0.217188 0.376562 0.21875 0.378125 0.221875 0.378125 0.223438 0.379688 0.223438 0.38125 0.228125 0.385938 0.228125 0.3875 0.229688 0.3875 0.23125 0.389062 0.232812 0.389062 0.234375 0.390625 0.2375 0.390625 0.234375 0.390625 0.232812 0.389062 0.23125 0.389062 0.229688 0.3875 0.229688 0.385938 0.225 0.38125 0.225 0.379688 0.223438 0.379688 0.221875 0.378125 0.21875 0.378125 0.215625 0.375 0.215625 0.373438 0.2125 0.370312
0 0.170312 0.357812 0.167188 0.360938 0.167188 0.3625 0.165625 0.364062 0.167188 0.3625 0.167188 0.360938
0 0.348438 0.328125 0.348438 0.332812 0.345312 0.335938 0.345312 0.3375 0.340625 0.342188 0.3375 0.342188 0.3375 0.34375 0.342188 0.34375 0.342188 0.342188 0.346875 0.3375 0.346875 0.335938 0.348438 0.334375
0 0.325 0.292188 0.326562 0.292188 0.328125 0.29375 0.328125 0.295312 0.33125 0.298438 0.332812 0.298438 0.334375 0.3 0.334375 0.301562 0.335938 0.301562 0.340625 0.30625 0.340625 0.309375 0.34375 0.3125 0.34375 0.314062 0.345312 0.315625 0.346875 0.315625 0.348438 0.317188 0.348438 0.321875 0.348438 0.315625 0.346875 0.315625 0.345312 0.314062 0.345312 0.3125 0.340625 0.307812 0.340625 0.304688 0.339062 0.303125 0.3375 0.303125 0.335938 0.301562 0.335938 0.3 0.334375 0.3 0.329688 0.295312 0.329688 0.29375 0.328125 0.29375 0.326562 0.292188
0 0.317188 0.292188 0.315625 0.29375 0.314062 0.29375 0.314062 0.295312 0.309375 0.3 0.309375 0.301562 0.307812 0.303125 0.307812 0.315625 0.309375 0.317188 0.309375 0.320312 0.310938 0.321875 0.310938 0.323438 0.3125 0.325 0.3125 0.326562 0.314062 0.326562 0.317188 0.329688 0.317188 0.332812 0.31875 0.334375 0.320312 0.334375 0.321875 0.335938 0.321875 0.339062 0.323438 0.340625 0.325 0.340625 0.326562 0.342188 0.326562 0.34375 0.329688 0.34375 0.329688 0.342188 0.326562 0.342188 0.321875 0.3375 0.321875 0.335938 0.31875 0.332812 0.31875 0.33125 0.314062 0.326562 0.314062 0.325 0.309375 0.320312 0.309375 0.317188 0.307812 0.315625 0.307812 0.304688 0.309375 0.303125 0.309375 0.3 0.3125 0.296875 0.314062 0.296875 0.315625 0.295312 0.315625 0.29375 0.317188 0.292188 0.321875 0.292188
0 0.282812 0.2875 0.282812 0.289062 0.2875 0.289062 0.292188 0.29375 0.292188 0.295312 0.29375 0.295312 0.298438 0.3 0.298438 0.301562 0.303125 0.30625 0.303125 0.310938 0.303125 0.30625 0.301562 0.304688 0.301562 0.303125 0.3 0.301562 0.3 0.3 0.296875 0.296875 0.295312 0.296875 0.29375 0.295312 0.29375 0.29375 0.290625 0.290625 0.289062 0.290625 0.2875 0.289062 0.2875 0.2875
0 0.320312 0.271875 0.321875 0.271875 0.323438 0.273438 0.321875 0.271875
0 0.0 0.225 0.0 0.285938 0.003125 0.285938 0.004688 0.284375 0.015625 0.284375 0.017188 0.285938 0.021875 0.285938 0.023438 0.2875 0.023438 0.289062 0.023438 0.2875 0.025 0.285938 0.029688 0.285938 0.03125 0.284375 0.032812 0.284375 0.034375 0.282812 0.035938 0.282812 0.035938 0.28125 0.039062 0.278125 0.040625 0.278125 0.042188 0.276562 0.04375 0.276562 0.04375 0.253125 0.042188 0.251563 0.042188 0.239062 0.040625 0.2375 0.0375 0.2375 0.035938 0.235938 0.032812 0.235938 0.03125 0.234375 0.03125 0.232812 0.028125 0.232812 0.026562 0.23125 0.025 0.23125 0.023438 0.229688 0.017188 0.229688 0.015625 0.228125 0.015625 0.226562 0.0125 0.226562 0.010938 0.225
0 0.467188 0.115625 0.467188 0.117188 0.465625 0.11875 0.464062 0.11875 0.4625 0.120312 0.460938 0.120312 0.459375 0.121875 0.459375 0.123438 0.454688 0.128125 0.454688 0.129688 0.45 0.134375 0.45 0.135938 0.446875 0.139062 0.44375 0.139062 0.44375 0.14375 0.446875 0.146875 0.446875 0.148438 0.45 0.151562 0.45 0.15625 0.451562 0.157812 0.451562 0.1625 0.45 0.164062 0.45 0.171875 0.454688 0.176562 0.454688 0.18125 0.45625 0.182812 0.45625 0.185938 0.45625 0.182812 0.460938 0.178125 0.460938 0.176562 0.465625 0.171875 0.465625 0.170312 0.467188 0.16875 0.46875 0.16875 0.470312 0.167188 0.470312 0.165625 0.471875 0.164062 0.473438 0.164062 0.475 0.1625 0.475 0.15625 0.473438 0.154688 0.473438 0.134375 0.475 0.132812 0.475 0.11875 0.473438 0.11875 0.471875 0.117188 0.471875 0.115625
0 0.0 0.10625 0.0 0.178125 0.00625 0.178125 0.010938 0.182812 0.010938 0.184375 0.015625 0.189062 0.015625 0.190625 0.017188 0.192188 0.01875 0.192188 0.020312 0.19375 0.021875 0.19375 0.023438 0.195312 0.023438 0.196875 0.025 0.196875 0.026562 0.198438 0.032812 0.198438 0.034375 0.2 0.035938 0.2 0.034375 0.198438 0.032812 0.198438 0.03125 0.196875 0.03125 0.195312 0.026562 0.190625 0.026562 0.189062 0.025 0.1875 0.025 0.185938 0.023438 0.184375 0.023438 0.179688 0.021875 0.178125 0.021875 0.164062 0.023438 0.1625 0.023438 0.159375 0.025 0.157812 0.025 0.15625 0.026562 0.154688 0.026562 0.153125 0.028125 0.151562 0.028125 0.15 0.029688 0.148438 0.029688 0.146875 0.03125 0.145312 0.032812 0.145312 0.035938 0.142188 0.0375 0.142188 0.0375 0.139062 0.034375 0.135938 0.034375 0.134375 0.03125 0.13125 0.03125 0.128125 0.026562 0.123438 0.026562 0.121875 0.021875 0.117188 0.021875 0.115625 0.017188 0.110938 0.017188 0.109375 0.015625 0.107812 0.00625 0.107812 0.004688 0.10625
0 0.582812 0.071875 0.582812 0.075 0.578125 0.079688 0.578125 0.08125 0.575 0.084375 0.575 0.085938 0.573438 0.0875 0.570312 0.0875 0.56875 0.089062 0.567188 0.089062 0.565625 0.090625 0.5625 0.090625 0.5625 0.092188 0.560938 0.09375 0.557812 0.09375 0.55625 0.092188 0.55625 0.090625 0.553125 0.090625 0.548438 0.085938 0.548438 0.084375 0.546875 0.082812 0.54375 0.082812 0.542188 0.08125 0.542188 0.079688 0.542188 0.08125 0.54375 0.082812 0.54375 0.098438 0.542188 0.1 0.542188 0.107812 0.54375 0.109375 0.54375 0.1125 0.545312 0.114062 0.545312 0.117188 0.55 0.121875 0.55 0.123438 0.554688 0.128125 0.554688 0.129688 0.557812 0.132812 0.557812 0.1375 0.559375 0.139062 0.559375 0.142188 0.557812 0.14375 0.557812 0.148438 0.553125 0.153125 0.553125 0.154688 0.551562 0.15625 0.548438 0.15625 0.546875 0.157812 0.539062 0.157812 0.5375 0.15625 0.534375 0.15625 0.532812 0.154688 0.532812 0.153125 0.53125 0.153125 0.529688 0.151562 0.528125 0.153125 0.526562 0.153125 0.526562 0.154688 0.525 0.15625 0.525 0.157812 0.523438 0.159375 0.523438 0.160938 0.521875 0.1625 0.521875 0.167188 0.520312 0.16875 0.525 0.16875 0.526562 0.170312 0.526562 0.171875 0.532812 0.171875 0.534375 0.173438 0.539062 0.173438 0.542188 0.176562 0.542188 0.178125 0.54375 0.178125 0.548438 0.182812 0.548438 0.184375 0.551562 0.1875 0.554688 0.184375 0.55625 0.184375 0.55625 0.182812 0.559375 0.179688 0.560938 0.179688 0.5625 0.178125 0.564062 0.178125 0.564062 0.176562 0.567188 0.173438 0.567188 0.159375 0.565625 0.157812 0.565625 0.145312 0.567188 0.14375 0.567188 0.1375 0.56875 0.135938 0.56875 0.134375 0.573438 0.129688 0.584375 0.129688 0.589062 0.134375 0.589062 0.135938 0.590625 0.1375 0.590625 0.142188 0.592188 0.14375 0.592188 0.190625 0.590625 0.192188 0.590625 0.196875 0.5875 0.2 0.5875 0.203125 0.589062 0.204688 0.590625 0.204688 0.592188 0.203125 0.592188 0.201562 0.59375 0.2 0.59375 0.19375 0.596875 0.190625 0.596875 0.185938 0.598438 0.184375 0.598438 0.18125 0.6 0.179688 0.6 0.176562 0.601562 0.175 0.601562 0.173438 0.603125 0.171875 0.603125 0.165625 0.60625 0.1625 0.60625 0.157812 0.609375 0.154688 0.609375 0.153125 0.6125 0.15 0.614062 0.15 0.615625 0.148438 0.615625 0.146875 0.61875 0.14375 0.620312 0.14375 0.61875 0.142188 0.61875 0.139062 0.615625 0.135938 0.615625 0.132812 0.614062 0.13125 0.614062 0.125 0.6125 0.123438 0.6125 0.103125 0.610938 0.103125 0.609375 0.101562 0.604688 0.101562 0.603125 0.1 0.6 0.1 0.598438 0.098438 0.598438 0.096875 0.59375 0.092188 0.59375 0.090625 0.592188 0.089062 0.592188 0.0875 0.590625 0.085938 0.590625 0.084375 0.589062 0.082812 0.589062 0.079688 0.585938 0.076562 0.585938 0.073438 0.584375 0.071875
0 0.379688 0.053125 0.378125 0.054688 0.376562 0.054688 0.376562 0.05625 0.375 0.057812 0.376562 0.057812 0.378125 0.059375 0.379688 0.059375 0.38125 0.060938 0.38125 0.0625 0.385938 0.067188 0.385938 0.071875 0.3875 0.073438 0.3875 0.076562 0.385938 0.078125 0.385938 0.082812 0.384375 0.084375 0.384375 0.085938 0.379688 0.090625 0.378125 0.090625 0.378125 0.092188 0.375 0.095312 0.371875 0.095312 0.370312 0.096875 0.370312 0.098438 0.367188 0.101562 0.365625 0.101562 0.364062 0.103125 0.3625 0.103125 0.3625 0.10625 0.359375 0.109375 0.359375 0.1125 0.357812 0.114062 0.357812 0.123438 0.359375 0.125 0.359375 0.126562 0.360938 0.128125 0.360938 0.129688 0.365625 0.134375 0.365625 0.135938 0.370312 0.140625 0.370312 0.142188 0.371875 0.142188 0.376562 0.146875 0.376562 0.148438 0.378125 0.148438 0.382812 0.153125 0.382812 0.154688 0.3875 0.159375 0.3875 0.160938 0.392188 0.165625 0.392188 0.171875 0.39375 0.173438 0.39375 0.18125 0.392188 0.182812 0.392188 0.1875 0.390625 0.189062 0.390625 0.19375 0.389062 0.195312 0.389062 0.203125 0.4 0.203125 0.4 0.201562 0.401562 0.2 0.409375 0.2 0.410938 0.198438 0.4125 0.198438 0.4125 0.192188 0.414062 0.190625 0.415625 0.190625 0.415625 0.189062 0.41875 0.185938 0.41875 0.18125 0.420312 0.179688 0.420312 0.173438 0.421875 0.171875 0.421875 0.16875 0.423438 0.167188 0.423438 0.159375 0.420312 0.15625 0.417188 0.15625 0.415625 0.154688 0.415625 0.153125 0.414062 0.153125 0.409375 0.148438 0.409375 0.146875 0.407812 0.145312 0.407812 0.13125 0.409375 0.129688 0.409375 0.128125 0.414062 0.123438 0.41875 0.123438 0.41875 0.121875 0.420312 0.120312 0.414062 0.120312 0.4125 0.121875 0.409375 0.121875 0.409375 0.123438 0.407812 0.125 0.40625 0.123438 0.40625 0.121875 0.403125 0.121875 0.398438 0.117188 0.398438 0.115625 0.396875 0.114062 0.396875 0.107812 0.395312 0.10625 0.395312 0.0875 0.39375 0.085938 0.39375 0.078125 0.392188 0.076562 0.392188 0.071875 0.390625 0.070312 0.390625 0.067188 0.389062 0.065625 0.389062 0.060938 0.384375 0.05625 0.384375 0.054688 0.382812 0.053125
0 0.996875 0.046875 0.995312 0.048438 0.99375 0.048438 0.99375 0.05 0.990625 0.053125 0.990625 0.05625 0.9875 0.059375 0.9875 0.0625 0.982812 0.067188 0.982812 0.06875 0.979688 0.071875 0.978125 0.071875 0.976562 0.073438 0.976562 0.075 0.975 0.076562 0.971875 0.076562 0.96875 0.079688 0.96875 0.08125 0.965625 0.084375 0.965625 0.085938 0.9625 0.089062 0.960938 0.089062 0.959375 0.090625 0.959375 0.092188 0.957812 0.09375 0.957812 0.095312 0.95625 0.096875 0.95625 0.098438 0.953125 0.101562 0.953125 0.104688 0.951562 0.10625 0.951562 0.110938 0.95 0.1125 0.95 0.114062 0.948438 0.115625 0.948438 0.11875 0.945312 0.121875 0.945312 0.123438 0.942188 0.126562 0.939062 0.126562 0.9375 0.128125 0.934375 0.128125 0.934375 0.129688 0.935938 0.13125 0.935938 0.1375 0.939062 0.140625 0.939062 0.142188 0.94375 0.146875 0.94375 0.15 0.946875 0.153125 0.946875 0.157812 0.948438 0.159375 0.948438 0.164062 0.95 0.165625 0.95 0.228125 0.948438 0.229688 0.948438 0.251563 0.946875 0.253125 0.946875 0.257812 0.945312 0.259375 0.945312 0.264062 0.94375 0.265625 0.94375 0.270312 0.942188 0.271875 0.942188 0.276562 0.940625 0.278125 0.940625 0.279688 0.939062 0.28125 0.939062 0.285938 0.9375 0.2875 0.9375 0.292188 0.935938 0.29375 0.935938 0.298438 0.934375 0.3 0.934375 0.303125 0.932812 0.304688 0.932812 0.307812 0.93125 0.309375 0.93125 0.310938 0.929688 0.3125 0.929688 0.315625 0.926562 0.31875 0.926562 0.320312 0.923438 0.323438 0.923438 0.329688 0.921875 0.33125 0.921875 0.3375 0.920312 0.339062 0.920312 0.340625 0.91875 0.342188 0.91875 0.346875 0.917188 0.348438 0.917188 0.35 0.9125 0.354688 0.9125 0.359375 0.910938 0.360938 0.910938 0.364062 0.907812 0.367188 0.907812 0.371875 0.90625 0.373438 0.90625 0.375 0.901562 0.379688 0.901562 0.38125 0.9 0.382812 0.898438 0.382812 0.895312 0.385938 0.895312 0.3875 0.892188 0.390625 0.890625 0.390625 0.889062 0.392188 0.889062 0.395312 0.8875 0.396875 0.885938 0.396875 0.884375 0.398438 0.884375 0.4 0.879688 0.404688 0.879688 0.40625 0.875 0.410938 0.875 0.4125 0.873438 0.414062 0.871875 0.414062 0.870312 0.415625 0.870312 0.417188 0.867188 0.420312 0.865625 0.420312 0.864062 0.421875 0.864062 0.423438 0.859375 0.428125 0.859375 0.429688 0.857812 0.43125 0.85625 0.43125 0.85625 0.432812 0.854688 0.434375 0.854688 0.435938 0.85 0.440625 0.85 0.442188 0.845312 0.446875 0.845312 0.448438 0.84375 0.45 0.84375 0.451562 0.842188 0.453125 0.842188 0.45625 0.839062 0.459375 0.839062 0.464062 0.8375 0.465625 0.8375 0.46875 0.835938 0.470312 0.835938 0.475 0.834375 0.476562 0.834375 0.479688 0.832812 0.48125 0.832812 0.482812 0.83125 0.484375 0.83125 0.4875 0.828125 0.490625 0.828125 0.492188 0.823438 0.496875 0.823438 0.498438 0.820312 0.501562 0.820312 0.503125 0.81875 0.504687 0.817188 0.504687 0.815625 0.50625 0.815625 0.509375 0.814062 0.510938 0.814062 0.515625 0.8125 0.517188 0.8125 0.51875 0.810938 0.520312 0.810938 0.523438 0.809375 0.525 0.809375 0.528125 0.80625 0.53125 0.80625 0.534375 0.804688 0.535938 0.804688 0.540625 0.803125 0.542188 0.803125 0.54375 0.801562 0.545312 0.801562 0.55 0.8 0.551562 0.8 0.554688 0.801562 0.55625 0.80625 0.55625 0.807812 0.557812 0.807812 0.559375 0.8125 0.564062 0.8125 0.56875 0.814062 0.570312 0.814062 0.571875 0.8125 0.573438 0.8125 0.578125 0.807812 0.582812 0.807812 0.584375 0.80625 0.585938 0.803125 0.585938 0.801562 0.5875 0.798438 0.5875 0.798438 0.589062 0.796875 0.590625 0.79375 0.590625 0.792188 0.592188 0.792188 0.596875 0.79375 0.598438 0.79375 0.603125 0.795312 0.604688 0.795312 0.607812 0.796875 0.609375 0.796875 0.614062 0.798438 0.615625 0.798438 0.621875 0.796875 0.623438 0.796875 0.628125 0.79375 0.63125 0.79375 0.632812 0.790625 0.635938 0.7875 0.635938 0.785938 0.6375 0.784375 0.635938 0.782812 0.635938 0.78125 0.6375 0.767188 0.6375 0.767188 0.639062 0.765625 0.640625 0.7625 0.640625 0.760938 0.642188 0.7625 0.64375 0.7625 0.648438 0.760938 0.65 0.760938 0.654688 0.759375 0.65625 0.759375 0.657812 0.754688 0.6625 0.751562 0.6625 0.751562 0.664062 0.75 0.665625 0.746875 0.665625 0.745312 0.664062 0.745312 0.6625 0.742188 0.6625 0.7375 0.657812 0.7375 0.65625 0.735938 0.654688 0.735938 0.653125 0.734375 0.651562 0.734375 0.65 0.732812 0.648438 0.732812 0.646875 0.73125 0.645312 0.73125 0.64375 0.729688 0.642188 0.729688 0.640625 0.728125 0.639062 0.728125 0.635938 0.725 0.632812 0.725 0.63125 0.723438 0.63125 0.721875 0.629688 0.71875 0.629688 0.717188 0.63125 0.710938 0.63125 0.709375 0.629688 0.70625 0.629688 0.703125 0.626562 0.703125 0.625 0.7 0.621875 0.7 0.609375 0.701562 0.607812 0.701562 0.60625 0.70625 0.601562 0.70625 0.6 0.707812 0.598438 0.7125 0.598438 0.714062 0.596875 0.715625 0.596875 0.715625 0.590625 0.714062 0.589062 0.714062 0.585938 0.7125 0.5875 0.7125 0.589062 0.707812 0.59375 0.704688 0.59375 0.704688 0.595312 0.703125 0.596875 0.701562 0.595312 0.701562 0.59375 0.698438 0.59375 0.69375 0.589062 0.69375 0.5875 0.692188 0.585938 0.692188 0.582812 0.690625 0.58125 0.690625 0.579688 0.689062 0.578125 0.689062 0.570312 0.6875 0.56875 0.6875 0.567188 0.685938 0.565625 0.685938 0.564062 0.684375 0.5625 0.682812 0.5625 0.679688 0.559375 0.679688 0.557812 0.675 0.553125 0.675 0.551562 0.670312 0.546875 0.670312 0.545312 0.66875 0.54375 0.66875 0.529688 0.670312 0.528125 0.670312 0.526562 0.675 0.521875 0.679688 0.521875 0.679688 0.520312 0.68125 0.51875 0.682812 0.520312 0.682812 0.521875 0.6875 0.521875 0.689062 0.523438 0.690625 0.523438 0.692188 0.525 0.69375 0.525 0.695312 0.526562 0.695312 0.528125 0.698438 0.528125 0.7 0.529688 0.703125 0.529688 0.704688 0.528125 0.704688 0.526562 0.709375 0.521875 0.709375 0.520312 0.714062 0.515625 0.714062 0.5125 0.7125 0.510938 0.7125 0.50625 0.710938 0.504687 0.710938 0.501562 0.709375 0.5 0.709375 0.49375 0.707812 0.492188 0.707812 0.4875 0.709375 0.485938 0.709375 0.478125 0.714062 0.473438 0.714062 0.471875 0.717188 0.46875 0.71875 0.46875 0.720312 0.467188 0.720312 0.465625 0.721875 0.464062 0.725 0.464062 0.726562 0.4625 0.729688 0.4625 0.73125 0.460938 0.73125 0.459375 0.732812 0.457812 0.734375 0.457812 0.734375 0.440625 0.739062 0.435938 0.739062 0.434375 0.740625 0.432812 0.745312 0.432812 0.746875 0.43125 0.746875 0.426562 0.745312 0.425 0.745312 0.421875 0.742188 0.41875 0.742188 0.403125 0.745312 0.4 0.745312 0.398438 0.748438 0.395312 0.748438 0.382812 0.746875 0.38125 0.746875 0.378125 0.748438 0.376562 0.748438 0.370312 0.75 0.36875 0.75 0.367188 0.754688 0.3625 0.776562 0.3625 0.776562 0.360938 0.778125 0.359375 0.782812 0.359375 0.784375 0.357812 0.784375 0.354688 0.78125 0.351562 0.778125 0.351562 0.776562 0.353125 0.773438 0.353125 0.771875 0.354688 0.765625 0.354688 0.765625 0.35625 0.764062 0.357812 0.7625 0.357812 0.760938 0.35625 0.760938 0.354688 0.757812 0.354688 0.753125 0.35 0.753125 0.348438 0.751562 0.346875 0.751562 0.340625 0.75 0.339062 0.751562 0.3375 0.751562 0.329688 0.754688 0.326562 0.754688 0.323438 0.751562 0.323438 0.75 0.325 0.75 0.326562 0.745312 0.33125 0.745312 0.332812 0.742188 0.335938 0.742188 0.3375 0.739062 0.340625 0.739062 0.34375 0.7375 0.345312 0.7375 0.346875 0.735938 0.348438 0.735938 0.35 0.73125 0.354688 0.728125 0.354688 0.728125 0.35625 0.726562 0.357812 0.725 0.357812 0.723438 0.35625 0.723438 0.354688 0.720312 0.354688 0.715625 0.35 0.715625 0.348438 0.714062 0.346875 0.714062 0.329688 0.7125 0.328125 0.7125 0.325 0.707812 0.320312 0.707812 0.31875 0.70625 0.317188 0.704688 0.317188 0.703125 0.315625 0.7 0.315625 0.698438 0.317188 0.695312 0.317188 0.69375 0.315625 0.690625 0.315625 0.689062 0.317188 0.689062 0.321875 0.6875 0.323438 0.6875 0.328125 0.684375 0.33125 0.684375 0.332812 0.68125 0.335938 0.679688 0.335938 0.679688 0.3375 0.678125 0.339062 0.675 0.339062 0.673438 0.3375 0.673438 0.335938 0.671875 0.335938 0.66875 0.332812 0.66875 0.33125 0.664062 0.326562 0.664062 0.325 0.6625 0.323438 0.6625 0.321875 0.660938 0.320312 0.660938 0.317188 0.659375 0.315625 0.659375 0.3125 0.654688 0.307812 0.654688 0.30625 0.653125 0.304688 0.640625 0.304688 0.639062 0.30625 0.639062 0.307812 0.6375 0.309375 0.6375 0.314062 0.632812 0.31875 0.632812 0.320312 0.629688 0.323438 0.626562 0.323438 0.625 0.325 0.623438 0.323438 0.620312 0.323438 0.617188 0.320312 0.617188 0.31875 0.614062 0.315625 0.614062 0.3125 0.610938 0.309375 0.610938 0.303125 0.609375 0.301562 0.609375 0.273438 0.592188 0.273438 0.590625 0.271875 0.5875 0.271875 0.585938 0.270312 0.585938 0.26875 0.58125 0.264062 0.58125 0.25 0.584375 0.246875 0.584375 0.245312 0.5875 0.242188 0.590625 0.242188 0.589062 0.240625 0.589062 0.239062 0.5875 0.239062 0.585938 0.2375 0.584375 0.2375 0.58125 0.234375 0.58125 0.232812 0.578125 0.232812 0.576562 0.23125 0.575 0.23125 0.573438 0.229688 0.571875 0.229688 0.570312 0.228125 0.570312 0.226562 0.557812 0.226562 0.557812 0.228125 0.55625 0.229688 0.551562 0.229688 0.55 0.228125 0.55 0.226562 0.546875 0.226562 0.545312 0.225 0.54375 0.225 0.540625 0.221875 0.540625 0.220312 0.535938 0.215625 0.535938 0.214062 0.53125 0.209375 0.53125 0.20625 0.529688 0.204688 0.528125 0.204688 0.526562 0.203125 0.526562 0.201562 0.51875 0.201562 0.517188 0.2 0.514062 0.2 0.5125 0.198438 0.5 0.198438 0.496875 0.201562 0.496875 0.203125 0.495312 0.204688 0.492188 0.204688 0.490625 0.20625 0.485938 0.20625 0.484375 0.204688 0.48125 0.204688 0.479688 0.203125 0.479688 0.201562 0.478125 0.2 0.476562 0.2 0.476562 0.203125 0.475 0.204688 0.476562 0.20625 0.476562 0.209375 0.478125 0.210938 0.478125 0.215625 0.479688 0.217188 0.478125 0.21875 0.478125 0.223438 0.476562 0.225 0.478125 0.225 0.478125 0.223438 0.479688 0.221875 0.479688 0.220312 0.484375 0.215625 0.489062 0.215625 0.489062 0.214062 0.490625 0.2125 0.492188 0.214062 0.492188 0.215625 0.496875 0.215625 0.5 0.21875 0.501562 0.21875 0.503125 0.220312 0.503125 0.221875 0.50625 0.225 0.50625 0.228125 0.507812 0.228125 0.5125 0.232812 0.5125 0.234375 0.514062 0.235938 0.515625 0.235938 0.51875 0.239062 0.51875 0.240625 0.520312 0.242188 0.521875 0.242188 0.523438 0.24375 0.528125 0.24375 0.529688 0.245312 0.529688 0.246875 0.545312 0.246875 0.546875 0.248438 0.551562 0.248438 0.553125 0.25 0.553125 0.251563 0.557812 0.25625 0.557812 0.260938 0.559375 0.2625 0.559375 0.264062 0.557812 0.265625 0.557812 0.270312 0.553125 0.275 0.553125 0.276562 0.551562 0.278125 0.55 0.278125 0.548438 0.279688 0.546875 0.279688 0.545312 0.28125 0.54375 0.28125 0.54375 0.282812 0.539062 0.2875 0.539062 0.290625 0.5375 0.292188 0.5375 0.295312 0.534375 0.298438 0.534375 0.301562 0.529688 0.30625 0.529688 0.307812 0.528125 0.309375 0.526562 0.309375 0.525 0.310938 0.523438 0.310938 0.521875 0.3125 0.51875 0.3125 0.51875 0.314062 0.517188 0.315625 0.514062 0.315625 0.5125 0.317188 0.50625 0.317188 0.504687 0.315625 0.5 0.315625 0.498438 0.314062 0.498438 0.3125 0.496875 0.310938 0.495312 0.310938 0.49375 0.309375 0.490625 0.309375 0.489062 0.307812 0.489062 0.30625 0.4875 0.30625 0.482812 0.301562 0.482812 0.3 0.478125 0.295312 0.478125 0.2875 0.476562 0.285938 0.476562 0.278125 0.475 0.276562 0.475 0.26875 0.473438 0.267188 0.473438 0.2625 0.471875 0.260938 0.471875 0.259375 0.464062 0.259375 0.4625 0.257812 0.4625 0.25625 0.459375 0.25625 0.457812 0.254688 0.454688 0.254688 0.451562 0.251563 0.451562 0.25 0.448438 0.246875 0.448438 0.245312 0.44375 0.240625 0.44375 0.239062 0.442188 0.2375 0.442188 0.235938 0.440625 0.234375 0.440625 0.232812 0.4375 0.229688 0.434375 0.229688 0.432812 0.228125 0.432812 0.226562 0.43125 0.226562 0.43125 0.228125 0.428125 0.23125 0.425 0.23125 0.425 0.235938 0.423438 0.2375 0.423438 0.240625 0.421875 0.242188 0.421875 0.246875 0.420312 0.248438 0.420312 0.251563 0.417188 0.254688 0.417188 0.259375 0.414062 0.2625 0.414062 0.264062 0.410938 0.267188 0.407812 0.267188 0.40625 0.26875 0.404688 0.26875 0.403125 0.267188 0.4 0.267188 0.398438 0.265625 0.395312 0.265625 0.39375 0.264062 0.39375 0.2625 0.390625 0.2625 0.385938 0.257812 0.385938 0.25625 0.384375 0.254688 0.384375 0.239062 0.389062 0.234375 0.389062 0.232812 0.390625 0.23125 0.395312 0.23125 0.396875 0.229688 0.4 0.229688 0.4 0.226562 0.401562 0.225 0.401562 0.220312 0.4 0.220312 0.398438 0.21875 0.398438 0.214062 0.392188 0.214062 0.390625 0.2125 0.375 0.2125 0.371875 0.209375 0.371875 0.207812 0.36875 0.207812 0.36875 0.209375 0.367188 0.210938 0.365625 0.210938 0.3625 0.214062 0.360938 0.214062 0.360938 0.228125 0.359375 0.229688 0.359375 0.234375 0.354688 0.239062 0.354688 0.240625 0.353125 0.242188 0.35 0.242188 0.348438 0.24375 0.346875 0.242188 0.34375 0.242188 0.342188 0.240625 0.342188 0.239062 0.3375 0.234375 0.3375 0.23125 0.335938 0.229688 0.335938 0.226562 0.326562 0.226562 0.326562 0.228125 0.325 0.229688 0.309375 0.229688 0.307812 0.23125 0.307812 0.234375 0.303125 0.239062 0.303125 0.240625 0.298438 0.245312 0.298438 0.246875 0.296875 0.248438 0.295312 0.248438 0.29375 0.25 0.290625 0.25 0.290625 0.251563 0.289062 0.253125 0.285938 0.253125 0.284375 0.254688 0.282812 0.254688 0.28125 0.25625 0.279688 0.25625 0.279688 0.257812 0.278125 0.259375 0.275 0.259375 0.273438 0.260938 0.270312 0.260938 0.26875 0.2625 0.265625 0.2625 0.265625 0.264062 0.26875 0.264062 0.26875 0.2625 0.270312 0.260938 0.275 0.260938 0.276562 0.2625 0.276562 0.264062 0.296875 0.264062 0.296875 0.2625 0.3 0.259375 0.301562 0.259375 0.303125 0.257812 0.314062 0.257812 0.315625 0.259375 0.321875 0.259375 0.323438 0.260938 0.325 0.260938 0.326562 0.2625 0.326562 0.264062 0.33125 0.26875 0.33125 0.271875 0.332812 0.273438 0.332812 0.282812 0.334375 0.284375 0.334375 0.285938 0.335938 0.2875 0.335938 0.289062 0.335938 0.2875 0.3375 0.285938 0.339062 0.285938 0.340625 0.284375 0.34375 0.284375 0.345312 0.285938 0.346875 0.285938 0.348438 0.2875 0.348438 0.289062 0.35 0.290625 0.35 0.292188 0.351562 0.29375 0.351562 0.295312 0.35625 0.3 0.35625 0.301562 0.357812 0.303125 0.357812 0.304688 0.359375 0.30625 0.359375 0.307812 0.357812 0.309375 0.359375 0.310938 0.359375 0.314062 0.360938 0.315625 0.3625 0.315625 0.364062 0.317188 0.365625 0.317188 0.367188 0.31875 0.367188 0.320312 0.36875 0.320312 0.373438 0.325 0.373438 0.326562 0.376562 0.329688 0.376562 0.332812 0.378125 0.334375 0.378125 0.3375 0.379688 0.339062 0.384375 0.339062 0.385938 0.340625 0.3875 0.340625 0.389062 0.342188 0.389062 0.34375 0.39375 0.348438 0.39375 0.351562 0.395312 0.353125 0.395312 0.357812 0.396875 0.359375 0.396875 0.364062 0.398438 0.365625 0.398438 0.38125 0.401562 0.384375 0.403125 0.384375 0.404688 0.385938 0.404688 0.3875 0.40625 0.3875 0.407812 0.389062 0.409375 0.389062 0.4125 0.392188 0.4125 0.39375 0.414062 0.39375 0.41875 0.398438 0.41875 0.401562 0.420312 0.403125 0.420312 0.457812 0.421875 0.459375 0.421875 0.467188 0.423438 0.46875 0.423438 0.485938 0.425 0.4875 0.425 0.495312 0.426562 0.496875 0.426562 0.5125 0.428125 0.514062 0.428125 0.521875 0.429688 0.523438 0.429688 0.540625 0.428125 0.542188 0.428125 0.548438 0.425 0.551562 0.425 0.553125 0.423438 0.554688 0.417188 0.554688 0.415625 0.55625 0.415625 0.565625 0.410938 0.570312 0.407812 0.570312 0.407812 0.578125 0.4125 0.582812 0.4125 0.590625 0.409375 0.59375 0.409375 0.595312 0.40625 0.598438 0.40625 0.601562 0.404688 0.603125 0.404688 0.614062 0.4 0.61875 0.4 0.620312 0.398438 0.621875 0.396875 0.621875 0.395312 0.620312 0.395312 0.61875 0.39375 0.61875 0.39375 0.620312 0.392188 0.621875 0.392188 0.626562 0.390625 0.628125 0.390625 0.629688 0.389062 0.63125 0.389062 0.632812 0.384375 0.6375 0.384375 0.639062 0.38125 0.642188 0.379688 0.642188 0.378125 0.64375 0.378125 0.645312 0.376562 0.646875 0.375 0.646875 0.373438 0.648438 0.373438 0.651562 0.370312 0.654688 0.370312 0.657812 0.365625 0.6625 0.364062 0.6625 0.364062 0.664062 0.360938 0.667188 0.359375 0.667188 0.359375 0.66875 0.35625 0.671875 0.353125 0.671875 0.351562 0.673438 0.345312 0.673438 0.345312 0.675 0.34375 0.676562 0.342188 0.676562 0.339062 0.679688 0.339062 0.682812 0.335938 0.685938 0.335938 0.6875 0.33125 0.692188 0.33125 0.69375 0.328125 0.696875 0.326562 0.696875 0.328125 0.698438 0.328125 0.701562 0.329688 0.703125 0.329688 0.707812 0.33125 0.709375 0.33125 0.714062 0.332812 0.715625 0.332812 0.720312 0.334375 0.721875 0.334375 0.726562 0.3375 0.729688 0.3375 0.732812 0.339062 0.734375 0.339062 0.7375 0.340625 0.739062 0.340625 0.74375 0.342188 0.745312 0.342188 0.746875 0.34375 0.748438 0.34375 0.751562 0.345312 0.753125 0.345312 0.757812 0.346875 0.759375 0.346875 0.764062 0.348438 0.765625 0.348438 0.770312 0.35 0.771875 0.35 0.776562 0.351562 0.778125 0.351562 0.782812 0.353125 0.784375 0.353125 0.792188 0.354688 0.79375 0.354688 0.798438 0.35625 0.8 0.35625 0.801562 0.357812 0.803125 0.357812 0.804688 0.359375 0.80625 0.359375 0.807812 0.360938 0.809375 0.360938 0.8125 0.364062 0.815625 0.364062 0.81875 0.367188 0.821875 0.367188 0.823438 0.36875 0.825 0.36875 0.826562 0.370312 0.828125 0.370312 0.83125 0.371875 0.832812 0.371875 0.834375 0.373438 0.835938 0.373438 0.8375 0.375 0.839062 0.375 0.840625 0.379688 0.845312 0.379688 0.846875 0.384375 0.851562 0.384375 0.853125 0.389062 0.857812 0.389062 0.859375 0.392188 0.8625 0.392188 0.865625 0.396875 0.870312 0.396875 0.871875 0.401562 0.876562 0.401562 0.879688 0.404688 0.882812 0.404688 0.884375 0.409375 0.889062 0.409375 0.890625 0.414062 0.895312 0.414062 0.896875 0.41875 0.901562 0.41875 0.903125 0.420312 0.904688 0.420312 0.90625 0.421875 0.907812 0.421875 0.909375 0.425 0.9125 0.426562 0.9125 0.428125 0.914062 0.428125 0.915625 0.43125 0.91875 0.43125 0.920312 0.435938 0.925 0.435938 0.926562 0.440625 0.93125 0.440625 0.932812 0.445312 0.9375 0.445312 0.939062 0.45 0.94375 0.45 0.945312 0.454688 0.95 0.454688 0.951562 0.459375 0.95625 0.459375 0.957812 0.4625 0.960938 0.464062 0.960938 0.465625 0.9625 0.465625 0.964062 0.467188 0.965625 0.46875 0.965625 0.471875 0.96875 0.471875 0.970312 0.473438 0.970312 0.476562 0.973438 0.478125 0.973438 0.479688 0.975 0.479688 0.976562 0.482812 0.979688 0.484375 0.979688 0.485938 0.98125 0.485938 0.982812 0.4875 0.982812 0.489062 0.984375 0.49375 0.984375 0.495312 0.985938 0.5125 0.985938 0.514062 0.9875 0.514062 0.989062 0.517188 0.989062 0.51875 0.990625 0.520312 0.990625 0.521875 0.992188 0.523438 0.992188 0.525 0.99375 0.525 0.995312 0.528125 0.995312 0.529688 0.996875 0.532812 0.996875 0.534375 0.998438 0.823438 0.998438 0.825 0.996875 0.826562 0.996875 0.828125 0.995312 0.828125 0.99375 0.832812 0.989062 0.834375 0.989062 0.834375 0.9875 0.839062 0.982812 0.839062 0.98125 0.84375 0.976562 0.845312 0.976562 0.845312 0.975 0.848438 0.971875 0.85 0.971875 0.851562 0.970312 0.851562 0.96875 0.85625 0.964062 0.85625 0.9625 0.857812 0.960938 0.859375 0.960938 0.8625 0.957812 0.8625 0.948438 0.864062 0.946875 0.864062 0.940625 0.865625 0.939062 0.865625 0.935938 0.867188 0.934375 0.867188 0.93125 0.86875 0.929688 0.86875 0.928125 0.870312 0.926562 0.870312 0.925 0.875 0.920312 0.875 0.91875 0.878125 0.915625 0.878125 0.914062 0.882812 0.909375 0.882812 0.907812 0.885938 0.904688 0.8875 0.904688 0.889062 0.903125 0.889062 0.901562 0.890625 0.9 0.890625 0.898438 0.892188 0.896875 0.892188 0.895312 0.895312 0.892188 0.895312 0.889062 0.898438 0.885938 0.898438 0.876562 0.9 0.875 0.9 0.85625 0.901562 0.854688 0.901562 0.845312 0.903125 0.84375 0.903125 0.8375 0.904688 0.835938 0.904688 0.83125 0.90625 0.829688 0.90625 0.825 0.907812 0.823438 0.907812 0.820312 0.909375 0.81875 0.909375 0.815625 0.910938 0.814062 0.910938 0.8125 0.9125 0.810938 0.9125 0.807812 0.914062 0.80625 0.914062 0.803125 0.915625 0.801562 0.915625 0.8 0.917188 0.798438 0.917188 0.795312 0.91875 0.79375 0.91875 0.789062 0.920312 0.7875 0.920312 0.782812 0.921875 0.78125 0.921875 0.776562 0.923438 0.775 0.923438 0.770312 0.925 0.76875 0.925 0.7625 0.926562 0.760938 0.926562 0.75625 0.928125 0.754688 0.928125 0.751562 0.929688 0.75 0.929688 0.746875 0.93125 0.745312 0.93125 0.740625 0.932812 0.739062 0.932812 0.732812 0.934375 0.73125 0.934375 0.726562 0.935938 0.725 0.935938 0.721875 0.9375 0.720312 0.9375 0.717188 0.939062 0.715625 0.939062 0.714062 0.940625 0.7125 0.940625 0.703125 0.942188 0.701562 0.942188 0.695312 0.94375 0.69375 0.94375 0.689062 0.945312 0.6875 0.945312 0.682812 0.946875 0.68125 0.946875 0.678125 0.948438 0.676562 0.948438 0.671875 0.95 0.670312 0.95 0.665625 0.951562 0.664062 0.951562 0.660938 0.953125 0.659375 0.953125 0.65625 0.954688 0.654688 0.954688 0.653125 0.95625 0.651562 0.95625 0.65 0.957812 0.648438 0.957812 0.646875 0.959375 0.645312 0.959375 0.642188 0.960938 0.640625 0.960938 0.6375 0.964062 0.634375 0.964062 0.63125 0.965625 0.629688 0.965625 0.628125 0.967188 0.626562 0.967188 0.625 0.96875 0.623438 0.96875 0.621875 0.970312 0.620312 0.970312 0.617188 0.971875 0.615625 0.971875 0.6125 0.976562 0.607812 0.976562 0.604688 0.979688 0.601562 0.979688 0.598438 0.982812 0.595312 0.982812 0.59375 0.984375 0.592188 0.984375 0.590625 0.985938 0.589062 0.985938 0.582812 0.9875 0.58125 0.9875 0.579688 0.989062 0.578125 0.989062 0.575 0.990625 0.573438 0.990625 0.570312 0.99375 0.567188 0.99375 0.564062 0.995312 0.5625 0.995312 0.560938 0.996875 0.559375 0.996875 0.55625 0.998438 0.554688 0.998438 0.046875
0 0.0 0.0 0.0 0.039062 0.001562 0.039062 0.001562 0.035938 0.004688 0.032812 0.004688 0.029688 0.007812 0.026562 0.007812 0.023438 0.010938 0.020312 0.0125 0.020312 0.014062 0.01875 0.014062 0.017188 0.015625 0.015625 0.017188 0.015625 0.01875 0.014062 0.020312 0.014062 0.021875 0.0125 0.034375 0.0125 0.035938 0.014062 0.039062 0.014062 0.042188 0.017188 0.042188 0.01875 0.04375 0.01875 0.045312 0.020312 0.046875 0.020312 0.048438 0.021875 0.051562 0.021875 0.053125 0.023438 0.053125 0.025 0.070312 0.025 0.071875 0.026562 0.076562 0.026562 0.078125 0.028125 0.082812 0.028125 0.084375 0.029688 0.084375 0.03125 0.0875 0.03125 0.090625 0.034375 0.092188 0.034375 0.09375 0.035938 0.09375 0.0375 0.096875 0.040625 0.096875 0.04375 0.1 0.046875 0.1 0.051562 0.101562 0.053125 0.101562 0.065625 0.1 0.067188 0.1 0.071875 0.098438 0.073438 0.098438 0.076562 0.095312 0.079688 0.095312 0.08125 0.092188 0.084375 0.092188 0.085938 0.090625 0.0875 0.089062 0.0875 0.0875 0.089062 0.085938 0.089062 0.084375 0.090625 0.073438 0.090625 0.073438 0.09375 0.076562 0.096875 0.076562 0.1 0.078125 0.101562 0.078125 0.10625 0.079688 0.107812 0.079688 0.123438 0.078125 0.125 0.078125 0.129688 0.076562 0.13125 0.076562 0.132812 0.075 0.134375 0.075 0.135938 0.070312 0.140625 0.070312 0.14375 0.071875 0.145312 0.071875 0.148438 0.075 0.151562 0.075 0.15625 0.076562 0.157812 0.076562 0.160938 0.079688 0.164062 0.079688 0.167188 0.08125 0.16875 0.08125 0.171875 0.082812 0.173438 0.082812 0.178125 0.085938 0.18125 0.085938 0.184375 0.0875 0.185938 0.0875 0.1875 0.089062 0.189062 0.089062 0.19375 0.090625 0.195312 0.090625 0.2 0.092188 0.201562 0.092188 0.210938 0.09375 0.2125 0.09375 0.21875 0.095312 0.220312 0.095312 0.228125 0.096875 0.229688 0.096875 0.234375 0.098438 0.235938 0.098438 0.303125 0.096875 0.304688 0.096875 0.315625 0.095312 0.317188 0.095312 0.323438 0.09375 0.325 0.09375 0.329688 0.092188 0.33125 0.092188 0.346875 0.090625 0.348438 0.090625 0.41875 0.089062 0.420312 0.089062 0.425 0.085938 0.428125 0.085938 0.43125 0.082812 0.434375 0.082812 0.435938 0.078125 0.440625 0.078125 0.448438 0.076562 0.45 0.076562 0.470312 0.075 0.471875 0.075 0.489062 0.073438 0.490625 0.073438 0.504687 0.071875 0.50625 0.071875 0.515625 0.070312 0.517188 0.070312 0.523438 0.06875 0.525 0.06875 0.529688 0.065625 0.532812 0.065625 0.535938 0.064062 0.5375 0.064062 0.540625 0.0625 0.542188 0.0625 0.54375 0.060938 0.545312 0.060938 0.548438 0.059375 0.55 0.059375 0.554688 0.05625 0.557812 0.05625 0.560938 0.054688 0.5625 0.054688 0.565625 0.053125 0.567188 0.053125 0.56875 0.051562 0.570312 0.051562 0.573438 0.05 0.575 0.05 0.579688 0.048438 0.58125 0.048438 0.592188 0.046875 0.59375 0.046875 0.601562 0.045312 0.603125 0.045312 0.604688 0.04375 0.60625 0.04375 0.610938 0.042188 0.6125 0.042188 0.617188 0.040625 0.61875 0.040625 0.623438 0.039062 0.625 0.039062 0.628125 0.0375 0.629688 0.0375 0.632812 0.032812 0.6375 0.032812 0.640625 0.029688 0.64375 0.029688 0.645312 0.028125 0.646875 0.028125 0.648438 0.026562 0.65 0.026562 0.651562 0.025 0.653125 0.025 0.654688 0.023438 0.65625 0.023438 0.659375 0.021875 0.660938 0.021875 0.664062 0.020312 0.665625 0.020312 0.66875 0.021875 0.66875 0.026562 0.673438 0.026562 0.675 0.029688 0.678125 0.029688 0.68125 0.03125 0.682812 0.03125 0.684375 0.032812 0.684375 0.034375 0.685938 0.034375 0.6875 0.035938 0.6875 0.0375 0.689062 0.039062 0.689062 0.042188 0.692188 0.042188 0.69375 0.05 0.69375 0.051562 0.695312 0.057812 0.695312 0.059375 0.696875 0.065625 0.696875 0.067188 0.698438 0.067188 0.7 0.06875 0.7 0.070312 0.701562 0.071875 0.701562 0.075 0.704688 0.075 0.70625 0.079688 0.710938 0.079688 0.714062 0.08125 0.715625 0.08125 0.71875 0.082812 0.720312 0.082812 0.734375 0.08125 0.735938 0.08125 0.739062 0.079688 0.740625 0.079688 0.74375 0.075 0.748438 0.075 0.75 0.071875 0.753125 0.071875 0.754688 0.067188 0.759375 0.065625 0.759375 0.065625 0.760938 0.064062 0.7625 0.0625 0.7625 0.060938 0.764062 0.060938 0.767188 0.0625 0.76875 0.0625 0.770312 0.064062 0.771875 0.064062 0.775 0.065625 0.776562 0.065625 0.779688 0.067188 0.78125 0.067188 0.782812 0.06875 0.784375 0.06875 0.7875 0.070312 0.7875 0.071875 0.785938 0.076562 0.785938 0.078125 0.7875 0.08125 0.7875 0.082812 0.785938 0.082812 0.782812 0.084375 0.78125 0.084375 0.778125 0.085938 0.776562 0.085938 0.775 0.0875 0.773438 0.0875 0.771875 0.090625 0.76875 0.090625 0.764062 0.092188 0.7625 0.092188 0.751562 0.09375 0.75 0.09375 0.739062 0.095312 0.7375 0.095312 0.720312 0.096875 0.71875 0.096875 0.714062 0.098438 0.7125 0.098438 0.709375 0.1 0.707812 0.101562 0.707812 0.103125 0.70625 0.109375 0.70625 0.110938 0.707812 0.1125 0.707812 0.115625 0.710938 0.115625 0.714062 0.117188 0.715625 0.117188 0.71875 0.11875 0.720312 0.11875 0.751562 0.117188 0.753125 0.117188 0.757812 0.115625 0.759375 0.115625 0.773438 0.114062 0.775 0.114062 0.779688 0.1125 0.78125 0.1125 0.789062 0.110938 0.790625 0.110938 0.795312 0.109375 0.796875 0.109375 0.801562 0.117188 0.801562 0.11875 0.803125 0.11875 0.804688 0.129688 0.804688 0.13125 0.80625 0.134375 0.80625 0.135938 0.807812 0.1375 0.807812 0.139062 0.809375 0.139062 0.8125 0.140625 0.814062 0.140625 0.817188 0.142188 0.81875 0.142188 0.820312 0.140625 0.821875 0.140625 0.826562 0.139062 0.828125 0.139062 0.829688 0.135938 0.832812 0.132812 0.832812 0.132812 0.834375 0.13125 0.835938 0.129688 0.835938 0.128125 0.834375 0.128125 0.832812 0.117188 0.832812 0.117188 0.834375 0.115625 0.835938 0.1125 0.835938 0.109375 0.839062 0.107812 0.839062 0.107812 0.840625 0.10625 0.842188 0.104688 0.842188 0.103125 0.84375 0.101562 0.84375 0.1 0.845312 0.090625 0.845312 0.089062 0.84375 0.084375 0.84375 0.082812 0.845312 0.082812 0.848438 0.08125 0.85 0.08125 0.854688 0.078125 0.857812 0.078125 0.859375 0.075 0.8625 0.071875 0.8625 0.070312 0.864062 0.06875 0.864062 0.067188 0.8625 0.064062 0.8625 0.060938 0.859375 0.060938 0.857812 0.059375 0.85625 0.059375 0.85 0.057812 0.848438 0.057812 0.826562 0.05625 0.825 0.05625 0.814062 0.054688 0.8125 0.054688 0.80625 0.053125 0.804688 0.053125 0.803125 0.051562 0.801562 0.051562 0.8 0.05 0.798438 0.05 0.795312 0.046875 0.792188 0.046875 0.7875 0.045312 0.785938 0.045312 0.784375 0.04375 0.784375 0.04375 0.785938 0.039062 0.790625 0.035938 0.790625 0.035938 0.792188 0.034375 0.79375 0.032812 0.79375 0.029688 0.796875 0.028125 0.796875 0.028125 0.798438 0.026562 0.8 0.025 0.8 0.021875 0.803125 0.021875 0.80625 0.020312 0.807812 0.020312 0.810938 0.015625 0.815625 0.015625 0.81875 0.0125 0.821875 0.0125 0.823438 0.007812 0.828125 0.007812 0.829688 0.004688 0.832812 0.004688 0.834375 0.001562 0.8375 0.0 0.8375 0.0 0.875 0.004688 0.875 0.00625 0.873438 0.007812 0.875 0.010938 0.875 0.0125 0.876562 0.0125 0.878125 0.014062 0.878125 0.017188 0.88125 0.017188 0.884375 0.01875 0.885938 0.01875 0.8875 0.020312 0.889062 0.020312 0.890625 0.01875 0.892188 0.01875 0.896875 0.017188 0.898438 0.017188 0.909375 0.01875 0.910938 0.020312 0.910938 0.021875 0.9125 0.023438 0.9125 0.025 0.914062 0.025 0.915625 0.028125 0.91875 0.028125 0.921875 0.029688 0.923438 0.029688 0.926562 0.03125 0.928125 0.03125 0.929688 0.032812 0.93125 0.032812 0.942188 0.03125 0.94375 0.03125 0.948438 0.029688 0.95 0.029688 0.951562 0.025 0.95625 0.021875 0.95625 0.021875 0.957812 0.020312 0.959375 0.01875 0.959375 0.017188 0.960938 0.004688 0.960938 0.003125 0.959375 0.0 0.959375 0.0 0.998438 0.04375 0.998438 0.04375 0.965625 0.045312 0.964062 0.045312 0.959375 0.046875 0.957812 0.046875 0.954688 0.048438 0.953125 0.05 0.953125 0.051562 0.951562 0.060938 0.951562 0.060938 0.95 0.0625 0.948438 0.06875 0.948438 0.070312 0.946875 0.071875 0.946875 0.073438 0.945312 0.075 0.945312 0.075 0.94375 0.076562 0.942188 0.078125 0.942188 0.079688 0.940625 0.08125 0.940625 0.082812 0.939062 0.082812 0.9375 0.085938 0.934375 0.085938 0.929688 0.0875 0.928125 0.0875 0.925 0.089062 0.923438 0.090625 0.923438 0.092188 0.921875 0.095312 0.921875 0.096875 0.920312 0.129688 0.920312 0.129688 0.91875 0.13125 0.917188 0.132812 0.917188 0.134375 0.915625 0.134375 0.914062 0.139062 0.909375 0.139062 0.907812 0.142188 0.904688 0.14375 0.904688 0.145312 0.903125 0.146875 0.903125 0.146875 0.901562 0.148438 0.9 0.151562 0.9 0.153125 0.898438 0.15625 0.898438 0.157812 0.896875 0.160938 0.896875 0.160938 0.895312 0.1625 0.89375 0.171875 0.89375 0.173438 0.895312 0.173438 0.896875 0.176562 0.896875 0.178125 0.898438 0.179688 0.898438 0.182812 0.901562 0.182812 0.903125 0.1875 0.907812 0.1875 0.909375 0.189062 0.909375 0.192188 0.9125 0.192188 0.915625 0.19375 0.917188 0.195312 0.917188 0.196875 0.91875 0.196875 0.921875 0.198438 0.921875 0.198438 0.91875 0.2 0.917188 0.2 0.907812 0.201562 0.90625 0.201562 0.904688 0.203125 0.903125 0.203125 0.9 0.204688 0.898438 0.20625 0.898438 0.207812 0.896875 0.214062 0.896875 0.215625 0.898438 0.217188 0.898438 0.21875 0.9 0.21875 0.903125 0.220312 0.904688 0.220312 0.90625 0.221875 0.907812 0.221875 0.928125 0.220312 0.929688 0.220312 0.934375 0.21875 0.935938 0.21875 0.940625 0.221875 0.94375 0.221875 0.945312 0.226562 0.95 0.226562 0.951562 0.228125 0.953125 0.228125 0.954688 0.229688 0.95625 0.229688 0.959375 0.23125 0.960938 0.23125 0.965625 0.232812 0.967188 0.232812 0.970312 0.234375 0.971875 0.234375 0.973438 0.235938 0.975 0.235938 0.982812 0.2375 0.984375 0.2375 0.989062 0.239062 0.990625 0.239062 0.998438 0.384375 0.998438 0.38125 0.995312 0.38125 0.99375 0.378125 0.990625 0.376562 0.990625 0.375 0.989062 0.375 0.9875 0.370312 0.982812 0.370312 0.98125 0.365625 0.976562 0.365625 0.973438 0.3625 0.970312 0.3625 0.96875 0.360938 0.967188 0.359375 0.967188 0.35625 0.964062 0.35625 0.9625 0.351562 0.957812 0.351562 0.954688 0.35 0.953125 0.348438 0.953125 0.346875 0.951562 0.346875 0.95 0.345312 0.948438 0.345312 0.946875 0.34375 0.945312 0.34375 0.94375 0.340625 0.940625 0.340625 0.9375 0.335938 0.932812 0.335938 0.929688 0.332812 0.926562 0.332812 0.925 0.328125 0.920312 0.328125 0.91875 0.325 0.915625 0.325 0.914062 0.320312 0.909375 0.320312 0.907812 0.31875 0.90625 0.31875 0.904688 0.317188 0.903125 0.317188 0.901562 0.315625 0.901562 0.3125 0.898438 0.3125 0.895312 0.307812 0.890625 0.307812 0.8875 0.30625 0.885938 0.30625 0.882812 0.303125 0.879688 0.303125 0.876562 0.298438 0.871875 0.298438 0.86875 0.296875 0.867188 0.296875 0.864062 0.295312 0.8625 0.295312 0.860938 0.29375 0.859375 0.29375 0.857812 0.290625 0.854688 0.290625 0.851562 0.289062 0.85 0.289062 0.848438 0.2875 0.846875 0.2875 0.84375 0.285938 0.842188 0.285938 0.8375 0.284375 0.835938 0.284375 0.83125 0.282812 0.829688 0.282812 0.825 0.28125 0.823438 0.28125 0.81875 0.279688 0.817188 0.279688 0.809375 0.278125 0.807812 0.278125 0.803125 0.276562 0.801562 0.276562 0.796875 0.275 0.795312 0.275 0.790625 0.273438 0.789062 0.273438 0.7875 0.271875 0.785938 0.271875 0.782812 0.270312 0.78125 0.270312 0.778125 0.26875 0.776562 0.26875 0.775 0.267188 0.773438 0.267188 0.770312 0.265625 0.76875 0.265625 0.765625 0.264062 0.764062 0.264062 0.7625 0.2625 0.760938 0.2625 0.757812 0.260938 0.75625 0.260938 0.751562 0.259375 0.75 0.259375 0.745312 0.257812 0.74375 0.257812 0.726562 0.25625 0.725 0.25625 0.723438 0.251563 0.71875 0.251563 0.715625 0.248438 0.7125 0.248438 0.709375 0.246875 0.707812 0.23125 0.707812 0.229688 0.70625 0.229688 0.704688 0.228125 0.703125 0.228125 0.701562 0.226562 0.7 0.226562 0.696875 0.225 0.695312 0.225 0.692188 0.223438 0.690625 0.223438 0.689062 0.221875 0.6875 0.221875 0.685938 0.220312 0.684375 0.215625 0.684375 0.214062 0.685938 0.2125 0.685938 0.2125 0.6875 0.209375 0.690625 0.20625 0.690625 0.204688 0.692188 0.204688 0.69375 0.203125 0.695312 0.190625 0.695312 0.189062 0.69375 0.189062 0.692188 0.167188 0.692188 0.164062 0.689062 0.164062 0.685938 0.1625 0.684375 0.1625 0.673438 0.160938 0.671875 0.160938 0.670312 0.159375 0.66875 0.159375 0.667188 0.157812 0.665625 0.15625 0.665625 0.154688 0.664062 0.154688 0.6625 0.148438 0.6625 0.146875 0.660938 0.145312 0.660938 0.142188 0.657812 0.142188 0.65625 0.139062 0.653125 0.139062 0.65 0.1375 0.648438 0.1375 0.642188 0.139062 0.640625 0.139062 0.6375 0.140625 0.635938 0.140625 0.634375 0.142188 0.632812 0.142188 0.625 0.140625 0.623438 0.140625 0.621875 0.139062 0.620312 0.139062 0.617188 0.1375 0.615625 0.1375 0.6125 0.132812 0.6125 0.128125 0.607812 0.128125 0.60625 0.125 0.60625 0.123438 0.604688 0.121875 0.604688 0.120312 0.603125 0.11875 0.603125 0.117188 0.601562 0.117188 0.6 0.1125 0.595312 0.1125 0.5875 0.114062 0.585938 0.115625 0.585938 0.117188 0.584375 0.11875 0.584375 0.11875 0.576562 0.117188 0.575 0.117188 0.573438 0.115625 0.571875 0.115625 0.570312 0.114062 0.56875 0.114062 0.567188 0.1125 0.565625 0.1125 0.55625 0.109375 0.553125 0.109375 0.539062 0.107812 0.5375 0.107812 0.535938 0.109375 0.534375 0.109375 0.532812 0.110938 0.53125 0.1125 0.532812 0.1125 0.534375 0.1125 0.53125 0.110938 0.529688 0.110938 0.523438 0.109375 0.521875 0.109375 0.514062 0.109375 0.515625 0.107812 0.517188 0.10625 0.515625 0.10625 0.5125 0.104688 0.510938 0.104688 0.50625 0.103125 0.504687 0.103125 0.496875 0.104688 0.495312 0.104688 0.476562 0.10625 0.475 0.104688 0.473438 0.104688 0.471875 0.1 0.467188 0.1 0.464062 0.098438 0.4625 0.098438 0.459375 0.096875 0.457812 0.096875 0.45 0.095312 0.448438 0.095312 0.445312 0.09375 0.44375 0.09375 0.440625 0.092188 0.439062 0.092188 0.434375 0.09375 0.432812 0.09375 0.43125 0.095312 0.429688 0.095312 0.426562 0.098438 0.423438 0.098438 0.421875 0.103125 0.417188 0.104688 0.417188 0.104688 0.415625 0.10625 0.414062 0.109375 0.414062 0.110938 0.4125 0.115625 0.4125 0.115625 0.410938 0.117188 0.409375 0.11875 0.409375 0.11875 0.403125 0.121875 0.4 0.121875 0.396875 0.125 0.39375 0.125 0.392188 0.129688 0.3875 0.129688 0.385938 0.13125 0.384375 0.132812 0.384375 0.132812 0.382812 0.134375 0.38125 0.135938 0.38125 0.135938 0.379688 0.1375 0.378125 0.1375 0.376562 0.139062 0.375 0.139062 0.371875 0.142188 0.36875 0.142188 0.365625 0.145312 0.3625 0.146875 0.3625 0.146875 0.360938 0.15 0.357812 0.15 0.354688 0.154688 0.35 0.15625 0.35 0.15625 0.348438 0.157812 0.346875 0.159375 0.346875 0.1625 0.34375 0.1625 0.340625 0.164062 0.339062 0.164062 0.335938 0.167188 0.332812 0.16875 0.332812 0.16875 0.33125 0.170312 0.329688 0.173438 0.329688 0.175 0.328125 0.176562 0.328125 0.178125 0.326562 0.178125 0.325 0.179688 0.323438 0.179688 0.31875 0.18125 0.317188 0.18125 0.315625 0.182812 0.314062 0.182812 0.310938 0.184375 0.309375 0.184375 0.30625 0.1875 0.303125 0.189062 0.303125 0.190625 0.301562 0.195312 0.301562 0.195312 0.3 0.196875 0.298438 0.201562 0.298438 0.204688 0.295312 0.20625 0.295312 0.20625 0.29375 0.207812 0.292188 0.209375 0.29375 0.209375 0.295312 0.210938 0.295312 0.2125 0.296875 0.2125 0.301562 0.210938 0.303125 0.210938 0.304688 0.2125 0.303125 0.2125 0.296875 0.214062 0.295312 0.214062 0.29375 0.21875 0.289062 0.223438 0.289062 0.223438 0.2875 0.225 0.285938 0.229688 0.285938 0.228125 0.285938 0.226562 0.284375 0.228125 0.282812 0.228125 0.279688 0.23125 0.276562 0.232812 0.276562 0.232812 0.275 0.23125 0.275 0.23125 0.276562 0.226562 0.28125 0.226562 0.282812 0.223438 0.285938 0.220312 0.282812 0.220312 0.275 0.223438 0.271875 0.223438 0.26875 0.225 0.267188 0.226562 0.267188 0.228125 0.265625 0.229688 0.265625 0.23125 0.264062 0.246875 0.264062 0.248438 0.265625 0.251563 0.265625 0.25 0.265625 0.248438 0.264062 0.248438 0.2625 0.245312 0.259375 0.245312 0.253125 0.24375 0.251563 0.24375 0.25 0.245312 0.248438 0.245312 0.242188 0.246875 0.240625 0.246875 0.2375 0.248438 0.235938 0.248438 0.232812 0.251563 0.229688 0.25 0.228125 0.25 0.226562 0.248438 0.225 0.246875 0.225 0.245312 0.226562 0.245312 0.228125 0.240625 0.232812 0.240625 0.234375 0.239062 0.235938 0.235938 0.235938 0.234375 0.2375 0.217188 0.2375 0.215625 0.235938 0.2125 0.235938 0.210938 0.234375 0.210938 0.232812 0.20625 0.228125 0.20625 0.214062 0.210938 0.209375 0.210938 0.207812 0.210938 0.209375 0.209375 0.210938 0.20625 0.210938 0.204688 0.2125 0.203125 0.210938 0.2 0.210938 0.198438 0.209375 0.198438 0.207812 0.19375 0.203125 0.19375 0.1875 0.196875 0.184375 0.196875 0.182812 0.201562 0.178125 0.20625 0.178125 0.20625 0.176562 0.207812 0.175 0.214062 0.175 0.215625 0.176562 0.215625 0.178125 0.220312 0.178125 0.221875 0.179688 0.225 0.179688 0.225 0.176562 0.226562 0.175 0.226562 0.1625 0.225 0.160938 0.225 0.153125 0.223438 0.151562 0.223438 0.15 0.221875 0.148438 0.221875 0.145312 0.220312 0.14375 0.220312 0.140625 0.217188 0.1375 0.217188 0.134375 0.2125 0.129688 0.2125 0.128125 0.210938 0.126562 0.201562 0.126562 0.2 0.128125 0.198438 0.128125 0.198438 0.129688 0.196875 0.13125 0.195312 0.13125 0.192188 0.134375 0.190625 0.134375 0.190625 0.135938 0.189062 0.1375 0.189062 0.139062 0.1875 0.140625 0.1875 0.142188 0.182812 0.146875 0.182812 0.148438 0.18125 0.15 0.179688 0.15 0.178125 0.151562 0.175 0.151562 0.173438 0.15 0.171875 0.15 0.170312 0.148438 0.170312 0.146875 0.165625 0.142188 0.165625 0.134375 0.160938 0.134375 0.160938 0.135938 0.159375 0.1375 0.154688 0.1375 0.153125 0.135938 0.153125 0.134375 0.15 0.134375 0.148438 0.132812 0.145312 0.132812 0.14375 0.13125 0.142188 0.13125 0.140625 0.129688 0.140625 0.128125 0.135938 0.123438 0.135938 0.115625 0.134375 0.114062 0.134375 0.10625 0.132812 0.104688 0.132812 0.103125 0.128125 0.098438 0.128125 0.096875 0.126562 0.095312 0.126562 0.079688 0.129688 0.076562 0.129688 0.073438 0.134375 0.06875 0.134375 0.045312 0.135938 0.04375 0.135938 0.035938 0.140625 0.03125 0.140625 0.029688 0.142188 0.028125 0.146875 0.028125 0.146875 0.017188 0.151562 0.0125 0.151562 0.010938 0.153125 0.009375 0.157812 0.009375 0.160938 0.00625 0.160938 0.003125 0.1625 0.001562 0.1625 0.0
1 0.1625 0.895312 0.1625 0.896875 0.160938 0.898438 0.157812 0.898438 0.15625 0.9 0.153125 0.9 0.151562 0.901562 0.148438 0.901562 0.148438 0.903125 0.146875 0.904688 0.145312 0.904688 0.14375 0.90625 0.142188 0.90625 0.140625 0.907812 0.140625 0.909375 0.135938 0.914062 0.135938 0.915625 0.132812 0.91875 0.13125 0.91875 0.13125 0.920312 0.129688 0.921875 0.096875 0.921875 0.095312 0.923438 0.092188 0.923438 0.090625 0.925 0.089062 0.925 0.089062 0.928125 0.0875 0.929688 0.0875 0.934375 0.084375 0.9375 0.084375 0.939062 0.08125 0.942188 0.079688 0.942188 0.078125 0.94375 0.076562 0.94375 0.076562 0.945312 0.075 0.946875 0.073438 0.946875 0.071875 0.948438 0.070312 0.948438 0.06875 0.95 0.0625 0.95 0.0625 0.951562 0.060938 0.953125 0.051562 0.953125 0.05 0.954688 0.048438 0.954688 0.048438 0.957812 0.046875 0.959375 0.046875 0.964062 0.045312 0.965625 0.045312 0.998438 0.2375 0.998438 0.2375 0.990625 0.235938 0.989062 0.235938 0.984375 0.234375 0.982812 0.234375 0.975 0.232812 0.973438 0.232812 0.971875 0.23125 0.970312 0.23125 0.967188 0.229688 0.965625 0.229688 0.960938 0.228125 0.959375 0.228125 0.95625 0.226562 0.954688 0.226562 0.953125 0.225 0.951562 0.225 0.95 0.220312 0.945312 0.220312 0.94375 0.217188 0.940625 0.217188 0.935938 0.21875 0.934375 0.21875 0.929688 0.220312 0.928125 0.220312 0.907812 0.21875 0.90625 0.21875 0.904688 0.217188 0.903125 0.217188 0.9 0.215625 0.9 0.214062 0.898438 0.207812 0.898438 0.20625 0.9 0.204688 0.9 0.204688 0.903125 0.203125 0.904688 0.203125 0.90625 0.201562 0.907812 0.201562 0.917188 0.2 0.91875 0.2 0.921875 0.198438 0.923438 0.196875 0.923438 0.195312 0.921875 0.195312 0.91875 0.19375 0.91875 0.190625 0.915625 0.190625 0.9125 0.189062 0.910938 0.1875 0.910938 0.185938 0.909375 0.185938 0.907812 0.18125 0.903125 0.18125 0.901562 0.179688 0.9 0.178125 0.9 0.176562 0.898438 0.173438 0.898438 0.171875 0.896875 0.171875 0.895312
1 0.00625 0.875 0.004688 0.876562 0.0 0.876562 0.0 0.957812 0.003125 0.957812 0.004688 0.959375 0.017188 0.959375 0.01875 0.957812 0.020312 0.957812 0.020312 0.95625 0.021875 0.954688 0.025 0.954688 0.028125 0.951562 0.028125 0.95 0.029688 0.948438 0.029688 0.94375 0.03125 0.942188 0.03125 0.93125 0.029688 0.929688 0.029688 0.928125 0.028125 0.926562 0.028125 0.923438 0.026562 0.921875 0.026562 0.91875 0.023438 0.915625 0.023438 0.914062 0.021875 0.914062 0.020312 0.9125 0.01875 0.9125 0.015625 0.909375 0.015625 0.898438 0.017188 0.896875 0.017188 0.892188 0.01875 0.890625 0.01875 0.889062 0.017188 0.8875 0.017188 0.885938 0.015625 0.884375 0.015625 0.88125 0.014062 0.879688 0.0125 0.879688 0.010938 0.878125 0.010938 0.876562 0.007812 0.876562
1 0.5125 0.740625 0.510938 0.742188 0.510938 0.74375 0.507812 0.746875 0.507812 0.754688 0.50625 0.75625 0.50625 0.7625 0.504687 0.764062 0.504687 0.775 0.50625 0.776562 0.50625 0.782812 0.507812 0.784375 0.507812 0.7875 0.510938 0.790625 0.510938 0.792188 0.5125 0.79375 0.515625 0.79375 0.517188 0.795312 0.51875 0.79375 0.521875 0.79375 0.523438 0.792188 0.523438 0.790625 0.528125 0.785938 0.528125 0.784375 0.529688 0.782812 0.529688 0.778125 0.53125 0.776562 0.53125 0.76875 0.529688 0.767188 0.529688 0.7625 0.528125 0.760938 0.528125 0.753125 0.526562 0.751562 0.526562 0.746875 0.523438 0.74375 0.523438 0.742188 0.521875 0.740625
1 0.0875 0.670312 0.085938 0.671875 0.08125 0.671875 0.079688 0.673438 0.078125 0.673438 0.078125 0.676562 0.076562 0.678125 0.076562 0.682812 0.075 0.684375 0.075 0.6875 0.076562 0.689062 0.076562 0.695312 0.079688 0.698438 0.079688 0.7 0.082812 0.7 0.084375 0.701562 0.0875 0.701562 0.089062 0.7 0.092188 0.7 0.092188 0.698438 0.095312 0.695312 0.096875 0.695312 0.098438 0.69375 0.098438 0.692188 0.101562 0.689062 0.101562 0.684375 0.103125 0.682812 0.101562 0.68125 0.101562 0.678125 0.1 0.676562 0.1 0.673438 0.098438 0.673438 0.096875 0.671875 0.09375 0.671875 0.092188 0.670312
1 0.160938 0.45625 0.159375 0.457812 0.154688 0.457812 0.153125 0.459375 0.153125 0.460938 0.151562 0.4625 0.148438 0.4625 0.145312 0.465625 0.145312 0.467188 0.142188 0.470312 0.139062 0.470312 0.1375 0.471875 0.121875 0.471875 0.121875 0.473438 0.120312 0.475 0.115625 0.475 0.1125 0.478125 0.1125 0.479688 0.110938 0.48125 0.110938 0.521875 0.1125 0.523438 0.1125 0.529688 0.114062 0.53125 0.114062 0.535938 0.115625 0.5375 0.115625 0.542188 0.11875 0.545312 0.11875 0.546875 0.121875 0.55 0.123438 0.55 0.125 0.551562 0.125 0.553125 0.126562 0.553125 0.128125 0.554688 0.154688 0.554688 0.15625 0.553125 0.173438 0.553125 0.173438 0.551562 0.175 0.55 0.1875 0.55 0.189062 0.548438 0.192188 0.548438 0.19375 0.546875 0.19375 0.545312 0.196875 0.542188 0.196875 0.5375 0.198438 0.535938 0.198438 0.5 0.196875 0.498438 0.196875 0.496875 0.2 0.49375 0.2 0.489062 0.201562 0.4875 0.201562 0.482812 0.2 0.48125 0.2 0.476562 0.198438 0.475 0.198438 0.471875 0.19375 0.467188 0.19375 0.465625 0.189062 0.460938 0.189062 0.459375 0.1875 0.459375 0.185938 0.457812 0.18125 0.457812 0.179688 0.45625
1 0.695312 0.335938 0.695312 0.3375 0.69375 0.339062 0.692188 0.339062 0.692188 0.340625 0.690625 0.342188 0.690625 0.35625 0.69375 0.359375 0.695312 0.359375 0.696875 0.360938 0.696875 0.3625 0.703125 0.3625 0.703125 0.360938 0.707812 0.35625 0.707812 0.354688 0.709375 0.353125 0.709375 0.345312 0.707812 0.34375 0.707812 0.340625 0.704688 0.3375 0.704688 0.335938
1 0.323438 0.292188 0.321875 0.29375 0.317188 0.29375 0.317188 0.295312 0.314062 0.298438 0.3125 0.298438 0.310938 0.3 0.310938 0.303125 0.309375 0.304688 0.309375 0.315625 0.310938 0.317188 0.310938 0.320312 0.315625 0.325 0.315625 0.326562 0.320312 0.33125 0.320312 0.332812 0.323438 0.335938 0.323438 0.3375 0.326562 0.340625 0.329688 0.340625 0.33125 0.342188 0.33125 0.34375 0.335938 0.34375 0.335938 0.342188 0.3375 0.340625 0.340625 0.340625 0.34375 0.3375 0.34375 0.335938 0.346875 0.332812 0.346875 0.328125 0.348438 0.326562 0.348438 0.323438 0.346875 0.321875 0.346875 0.317188 0.345312 0.317188 0.342188 0.314062 0.342188 0.3125 0.339062 0.309375 0.339062 0.30625 0.335938 0.303125 0.334375 0.303125 0.332812 0.301562 0.332812 0.3 0.33125 0.3 0.326562 0.295312 0.326562 0.29375 0.325 0.29375
1 0.23125 0.285938 0.229688 0.2875 0.225 0.2875 0.225 0.289062 0.223438 0.290625 0.21875 0.290625 0.215625 0.29375 0.215625 0.295312 0.214062 0.296875 0.214062 0.303125 0.2125 0.304688 0.2125 0.3625 0.214062 0.364062 0.214062 0.370312 0.217188 0.373438 0.217188 0.375 0.21875 0.376562 0.221875 0.376562 0.223438 0.378125 0.225 0.378125 0.226562 0.379688 0.226562 0.38125 0.23125 0.385938 0.23125 0.3875 0.232812 0.3875 0.234375 0.389062 0.2375 0.389062 0.239062 0.390625 0.264062 0.390625 0.265625 0.389062 0.292188 0.389062 0.29375 0.3875 0.296875 0.3875 0.296875 0.385938 0.301562 0.38125 0.301562 0.378125 0.303125 0.376562 0.303125 0.371875 0.304688 0.370312 0.304688 0.329688 0.303125 0.328125 0.303125 0.3125 0.301562 0.310938 0.301562 0.30625 0.296875 0.301562 0.296875 0.3 0.29375 0.296875 0.292188 0.296875 0.290625 0.295312 0.290625 0.29375 0.2875 0.290625 0.282812 0.290625 0.28125 0.289062 0.28125 0.2875 0.26875 0.2875 0.267188 0.285938
1 0.021875 0.014062 0.020312 0.015625 0.01875 0.015625 0.017188 0.017188 0.015625 0.017188 0.015625 0.01875 0.0125 0.021875 0.010938 0.021875 0.009375 0.023438 0.009375 0.026562 0.00625 0.029688 0.00625 0.032812 0.003125 0.035938 0.003125 0.039062 0.001562 0.040625 0.0 0.040625 0.0 0.104688 0.004688 0.104688 0.00625 0.10625 0.015625 0.10625 0.01875 0.109375 0.01875 0.110938 0.023438 0.115625 0.023438 0.117188 0.028125 0.121875 0.028125 0.123438 0.032812 0.128125 0.032812 0.13125 0.035938 0.134375 0.035938 0.135938 0.039062 0.139062 0.039062 0.142188 0.0375 0.14375 0.035938 0.14375 0.032812 0.146875 0.03125 0.146875 0.03125 0.148438 0.029688 0.15 0.029688 0.151562 0.028125 0.153125 0.028125 0.154688 0.026562 0.15625 0.026562 0.157812 0.025 0.159375 0.025 0.1625 0.023438 0.164062 0.023438 0.178125 0.025 0.179688 0.025 0.184375 0.026562 0.185938 0.026562 0.1875 0.028125 0.189062 0.028125 0.190625 0.032812 0.195312 0.032812 0.196875 0.034375 0.196875 0.0375 0.2 0.035938 0.201562 0.034375 0.201562 0.032812 0.2 0.026562 0.2 0.025 0.198438 0.023438 0.198438 0.021875 0.196875 0.021875 0.195312 0.020312 0.195312 0.01875 0.19375 0.017188 0.19375 0.014062 0.190625 0.014062 0.189062 0.009375 0.184375 0.009375 0.182812 0.00625 0.179688 0.0 0.179688 0.0 0.223438 0.010938 0.223438 0.0125 0.225 0.015625 0.225 0.017188 0.226562 0.017188 0.228125 0.023438 0.228125 0.025 0.229688 0.026562 0.229688 0.028125 0.23125 0.03125 0.23125 0.032812 0.232812 0.032812 0.234375 0.035938 0.234375 0.0375 0.235938 0.040625 0.235938 0.04375 0.239062 0.04375 0.251563 0.045312 0.253125 0.045312 0.276562 0.04375 0.278125 0.042188 0.278125 0.040625 0.279688 0.039062 0.279688 0.0375 0.28125 0.0375 0.282812 0.035938 0.284375 0.034375 0.284375 0.032812 0.285938 0.03125 0.285938 0.029688 0.2875 0.025 0.2875 0.025 0.289062 0.023438 0.290625 0.021875 0.289062 0.021875 0.2875 0.017188 0.2875 0.015625 0.285938 0.004688 0.285938 0.003125 0.2875 0.0 0.2875 0.0 0.835938 0.001562 0.835938 0.003125 0.834375 0.003125 0.832812 0.00625 0.829688 0.00625 0.828125 0.010938 0.823438 0.010938 0.821875 0.014062 0.81875 0.014062 0.815625 0.01875 0.810938 0.01875 0.807812 0.020312 0.80625 0.020312 0.803125 0.025 0.798438 0.026562 0.798438 0.026562 0.796875 0.028125 0.795312 0.029688 0.795312 0.032812 0.792188 0.034375 0.792188 0.034375 0.790625 0.035938 0.789062 0.039062 0.789062 0.042188 0.785938 0.042188 0.784375 0.04375 0.782812 0.045312 0.782812 0.046875 0.784375 0.046875 0.785938 0.048438 0.7875 0.048438 0.792188 0.051562 0.795312 0.051562 0.798438 0.053125 0.8 0.053125 0.801562 0.054688 0.803125 0.054688 0.804688 0.05625 0.80625 0.05625 0.8125 0.057812 0.814062 0.057812 0.825 0.059375 0.826562 0.059375 0.848438 0.060938 0.85 0.060938 0.85625 0.0625 0.857812 0.0625 0.859375 0.064062 0.860938 0.067188 0.860938 0.06875 0.8625 0.070312 0.8625 0.071875 0.860938 0.075 0.860938 0.076562 0.859375 0.076562 0.857812 0.079688 0.854688 0.079688 0.85 0.08125 0.848438 0.08125 0.845312 0.084375 0.842188 0.089062 0.842188 0.090625 0.84375 0.1 0.84375 0.101562 0.842188 0.103125 0.842188 0.104688 0.840625 0.10625 0.840625 0.10625 0.839062 0.107812 0.8375 0.109375 0.8375 0.1125 0.834375 0.115625 0.834375 0.115625 0.832812 0.117188 0.83125 0.128125 0.83125 0.129688 0.832812 0.129688 0.834375 0.13125 0.834375 0.13125 0.832812 0.132812 0.83125 0.135938 0.83125 0.1375 0.829688 0.1375 0.828125 0.139062 0.826562 0.139062 0.821875 0.140625 0.820312 0.140625 0.81875 0.139062 0.817188 0.139062 0.814062 0.1375 0.8125 0.1375 0.809375 0.135938 0.809375 0.134375 0.807812 0.13125 0.807812 0.129688 0.80625 0.11875 0.80625 0.117188 0.804688 0.117188 0.803125 0.109375 0.803125 0.107812 0.801562 0.107812 0.796875 0.109375 0.795312 0.109375 0.790625 0.110938 0.789062 0.110938 0.78125 0.1125 0.779688 0.1125 0.775 0.114062 0.773438 0.114062 0.759375 0.115625 0.757812 0.115625 0.753125 0.117188 0.751562 0.117188 0.720312 0.115625 0.71875 0.115625 0.715625 0.114062 0.714062 0.114062 0.710938 0.1125 0.709375 0.110938 0.709375 0.109375 0.707812 0.103125 0.707812 0.101562 0.709375 0.1 0.709375 0.1 0.7125 0.098438 0.714062 0.098438 0.71875 0.096875 0.720312 0.096875 0.7375 0.095312 0.739062 0.095312 0.75 0.09375 0.751562 0.09375 0.7625 0.092188 0.764062 0.092188 0.76875 0.089062 0.771875 0.089062 0.773438 0.0875 0.775 0.0875 0.776562 0.085938 0.778125 0.085938 0.78125 0.084375 0.782812 0.084375 0.785938 0.08125 0.789062 0.078125 0.789062 0.076562 0.7875 0.071875 0.7875 0.070312 0.789062 0.06875 0.789062 0.067188 0.7875 0.067188 0.784375 0.065625 0.782812 0.065625 0.78125 0.064062 0.779688 0.064062 0.776562 0.0625 0.775 0.0625 0.771875 0.060938 0.770312 0.060938 0.76875 0.059375 0.767188 0.059375 0.764062 0.0625 0.760938 0.064062 0.760938 0.064062 0.759375 0.065625 0.757812 0.067188 0.757812 0.070312 0.754688 0.070312 0.753125 0.073438 0.75 0.073438 0.748438 0.078125 0.74375 0.078125 0.740625 0.079688 0.739062 0.079688 0.735938 0.08125 0.734375 0.08125 0.720312 0.079688 0.71875 0.079688 0.715625 0.078125 0.714062 0.078125 0.710938 0.073438 0.70625 0.073438 0.704688 0.071875 0.703125 0.070312 0.703125 0.06875 0.701562 0.067188 0.701562 0.065625 0.7 0.065625 0.698438 0.059375 0.698438 0.057812 0.696875 0.051562 0.696875 0.05 0.695312 0.042188 0.695312 0.040625 0.69375 0.040625 0.692188 0.039062 0.690625 0.0375 0.690625 0.035938 0.689062 0.034375 0.689062 0.032812 0.6875 0.032812 0.685938 0.03125 0.685938 0.029688 0.684375 0.029688 0.682812 0.028125 0.68125 0.028125 0.678125 0.025 0.675 0.025 0.673438 0.021875 0.670312 0.020312 0.670312 0.01875 0.66875 0.01875 0.665625 0.020312 0.664062 0.020312 0.660938 0.021875 0.659375 0.021875 0.65625 0.023438 0.654688 0.023438 0.653125 0.025 0.651562 0.025 0.65 0.026562 0.648438 0.026562 0.646875 0.028125 0.645312 0.028125 0.64375 0.03125 0.640625 0.03125 0.6375 0.035938 0.632812 0.035938 0.629688 0.0375 0.628125 0.0375 0.625 0.039062 0.623438 0.039062 0.61875 0.040625 0.617188 0.040625 0.6125 0.042188 0.610938 0.042188 0.60625 0.04375 0.604688 0.04375 0.603125 0.045312 0.601562 0.045312 0.59375 0.046875 0.592188 0.046875 0.58125 0.048438 0.579688 0.048438 0.575 0.05 0.573438 0.05 0.570312 0.051562 0.56875 0.051562 0.567188 0.053125 0.565625 0.053125 0.5625 0.054688 0.560938 0.054688 0.557812 0.057812 0.554688 0.057812 0.55 0.059375 0.548438 0.059375 0.545312 0.060938 0.54375 0.060938 0.542188 0.0625 0.540625 0.0625 0.5375 0.064062 0.535938 0.064062 0.532812 0.067188 0.529688 0.067188 0.525 0.06875 0.523438 0.06875 0.517188 0.070312 0.515625 0.070312 0.50625 0.071875 0.504687 0.071875 0.490625 0.073438 0.489062 0.073438 0.471875 0.075 0.470312 0.075 0.45 0.076562 0.448438 0.076562 0.440625 0.08125 0.435938 0.08125 0.434375 0.084375 0.43125 0.084375 0.428125 0.0875 0.425 0.0875 0.420312 0.089062 0.41875 0.089062 0.348438 0.090625 0.346875 0.090625 0.33125 0.092188 0.329688 0.092188 0.325 0.09375 0.323438 0.09375 0.317188 0.095312 0.315625 0.095312 0.304688 0.096875 0.303125 0.096875 0.235938 0.095312 0.234375 0.095312 0.229688 0.09375 0.228125 0.09375 0.220312 0.092188 0.21875 0.092188 0.2125 0.090625 0.210938 0.090625 0.201562 0.089062 0.2 0.089062 0.195312 0.0875 0.19375 0.0875 0.189062 0.085938 0.1875 0.085938 0.185938 0.084375 0.184375 0.084375 0.18125 0.08125 0.178125 0.08125 0.173438 0.079688 0.171875 0.079688 0.16875 0.078125 0.167188 0.078125 0.164062 0.075 0.160938 0.075 0.157812 0.073438 0.15625 0.073438 0.151562 0.070312 0.148438 0.070312 0.145312 0.06875 0.14375 0.06875 0.140625 0.073438 0.135938 0.073438 0.134375 0.075 0.132812 0.075 0.13125 0.076562 0.129688 0.076562 0.125 0.078125 0.123438 0.078125 0.107812 0.076562 0.10625 0.076562 0.101562 0.075 0.1 0.075 0.096875 0.071875 0.09375 0.071875 0.090625 0.073438 0.089062 0.084375 0.089062 0.085938 0.0875 0.0875 0.0875 0.089062 0.085938 0.090625 0.085938 0.090625 0.084375 0.09375 0.08125 0.09375 0.079688 0.096875 0.076562 0.096875 0.073438 0.098438 0.071875 0.098438 0.067188 0.1 0.065625 0.1 0.053125 0.098438 0.051562 0.098438 0.046875 0.095312 0.04375 0.095312 0.040625 0.092188 0.0375 0.092188 0.035938 0.090625 0.035938 0.0875 0.032812 0.084375 0.032812 0.082812 0.03125 0.082812 0.029688 0.078125 0.029688 0.076562 0.028125 0.071875 0.028125 0.070312 0.026562 0.053125 0.026562 0.051562 0.025 0.051562 0.023438 0.048438 0.023438 0.046875 0.021875 0.045312 0.021875 0.04375 0.020312 0.042188 0.020312 0.040625 0.01875 0.040625 0.017188 0.039062 0.015625 0.035938 0.015625 0.034375 0.014062
1 0.164062 0.0 0.164062 0.001562 0.1625 0.003125 0.1625 0.00625 0.157812 0.010938 0.153125 0.010938 0.153125 0.0125 0.148438 0.017188 0.148438 0.028125 0.146875 0.029688 0.142188 0.029688 0.142188 0.03125 0.1375 0.035938 0.1375 0.04375 0.135938 0.045312 0.135938 0.06875 0.13125 0.073438 0.13125 0.076562 0.128125 0.079688 0.128125 0.095312 0.129688 0.096875 0.129688 0.098438 0.134375 0.103125 0.134375 0.104688 0.135938 0.10625 0.135938 0.114062 0.1375 0.115625 0.1375 0.123438 0.142188 0.128125 0.142188 0.129688 0.14375 0.129688 0.145312 0.13125 0.148438 0.13125 0.15 0.132812 0.153125 0.132812 0.154688 0.134375 0.154688 0.135938 0.159375 0.135938 0.159375 0.134375 0.160938 0.132812 0.165625 0.132812 0.167188 0.134375 0.167188 0.142188 0.171875 0.146875 0.171875 0.148438 0.173438 0.148438 0.175 0.15 0.178125 0.15 0.179688 0.148438 0.18125 0.148438 0.18125 0.146875 0.185938 0.142188 0.185938 0.140625 0.1875 0.139062 0.1875 0.1375 0.189062 0.135938 0.189062 0.134375 0.190625 0.132812 0.192188 0.132812 0.195312 0.129688 0.196875 0.129688 0.196875 0.128125 0.198438 0.126562 0.2 0.126562 0.201562 0.125 0.210938 0.125 0.214062 0.128125 0.214062 0.129688 0.21875 0.134375 0.21875 0.1375 0.221875 0.140625 0.221875 0.14375 0.223438 0.145312 0.223438 0.148438 0.225 0.15 0.225 0.151562 0.226562 0.153125 0.226562 0.160938 0.228125 0.1625 0.228125 0.175 0.226562 0.176562 0.226562 0.179688 0.225 0.18125 0.221875 0.18125 0.220312 0.179688 0.215625 0.179688 0.214062 0.178125 0.214062 0.176562 0.207812 0.176562 0.207812 0.178125 0.20625 0.179688 0.201562 0.179688 0.198438 0.182812 0.198438 0.184375 0.195312 0.1875 0.195312 0.203125 0.2 0.207812 0.2 0.209375 0.203125 0.209375 0.204688 0.210938 0.20625 0.209375 0.209375 0.209375 0.210938 0.210938 0.207812 0.214062 0.207812 0.228125 0.2125 0.232812 0.2125 0.234375 0.215625 0.234375 0.217188 0.235938 0.234375 0.235938 0.235938 0.234375 0.239062 0.234375 0.239062 0.232812 0.24375 0.228125 0.24375 0.226562 0.246875 0.223438 0.248438 0.223438 0.251563 0.226562 0.251563 0.228125 0.253125 0.229688 0.25 0.232812 0.25 0.235938 0.248438 0.2375 0.248438 0.240625 0.246875 0.242188 0.246875 0.248438 0.245312 0.25 0.245312 0.251563 0.246875 0.253125 0.246875 0.259375 0.25 0.2625 0.25 0.264062 0.251563 0.264062 0.253125 0.265625 0.25625 0.265625 0.257812 0.264062 0.264062 0.264062 0.264062 0.2625 0.265625 0.260938 0.26875 0.260938 0.270312 0.259375 0.273438 0.259375 0.275 0.257812 0.278125 0.257812 0.278125 0.25625 0.279688 0.254688 0.28125 0.254688 0.282812 0.253125 0.284375 0.253125 0.285938 0.251563 0.289062 0.251563 0.289062 0.25 0.290625 0.248438 0.29375 0.248438 0.295312 0.246875 0.296875 0.246875 0.296875 0.245312 0.301562 0.240625 0.301562 0.239062 0.30625 0.234375 0.30625 0.23125 0.309375 0.228125 0.325 0.228125 0.325 0.226562 0.326562 0.225 0.335938 0.225 0.3375 0.226562 0.3375 0.229688 0.339062 0.23125 0.339062 0.234375 0.34375 0.239062 0.34375 0.240625 0.346875 0.240625 0.348438 0.242188 0.35 0.240625 0.353125 0.240625 0.353125 0.239062 0.357812 0.234375 0.357812 0.229688 0.359375 0.228125 0.359375 0.214062 0.360938 0.2125 0.3625 0.2125 0.365625 0.209375 0.367188 0.209375 0.367188 0.207812 0.36875 0.20625 0.371875 0.20625 0.373438 0.207812 0.373438 0.209375 0.375 0.210938 0.390625 0.210938 0.392188 0.2125 0.398438 0.2125 0.4 0.214062 0.4 0.21875 0.401562 0.21875 0.403125 0.220312 0.403125 0.225 0.401562 0.226562 0.401562 0.229688 0.4 0.23125 0.396875 0.23125 0.395312 0.232812 0.390625 0.232812 0.390625 0.234375 0.385938 0.239062 0.385938 0.254688 0.3875 0.25625 0.3875 0.257812 0.390625 0.260938 0.39375 0.260938 0.395312 0.2625 0.395312 0.264062 0.398438 0.264062 0.4 0.265625 0.403125 0.265625 0.404688 0.267188 0.40625 0.267188 0.407812 0.265625 0.410938 0.265625 0.4125 0.264062 0.4125 0.2625 0.415625 0.259375 0.415625 0.254688 0.41875 0.251563 0.41875 0.248438 0.420312 0.246875 0.420312 0.242188 0.421875 0.240625 0.421875 0.2375 0.423438 0.235938 0.423438 0.23125 0.425 0.229688 0.428125 0.229688 0.429688 0.228125 0.429688 0.226562 0.43125 0.225 0.432812 0.225 0.434375 0.226562 0.434375 0.228125 0.4375 0.228125 0.442188 0.232812 0.442188 0.234375 0.44375 0.235938 0.44375 0.2375 0.445312 0.239062 0.445312 0.240625 0.45 0.245312 0.45 0.246875 0.453125 0.25 0.453125 0.251563 0.454688 0.253125 0.457812 0.253125 0.459375 0.254688 0.4625 0.254688 0.464062 0.25625 0.464062 0.257812 0.471875 0.257812 0.473438 0.259375 0.473438 0.260938 0.475 0.2625 0.475 0.267188 0.476562 0.26875 0.476562 0.276562 0.478125 0.278125 0.478125 0.285938 0.479688 0.2875 0.479688 0.295312 0.484375 0.3 0.484375 0.301562 0.4875 0.304688 0.489062 0.304688 0.490625 0.30625 0.490625 0.307812 0.49375 0.307812 0.495312 0.309375 0.496875 0.309375 0.5 0.3125 0.5 0.314062 0.504687 0.314062 0.50625 0.315625 0.5125 0.315625 0.514062 0.314062 0.517188 0.314062 0.517188 0.3125 0.51875 0.310938 0.521875 0.310938 0.523438 0.309375 0.525 0.309375 0.526562 0.307812 0.528125 0.307812 0.528125 0.30625 0.532812 0.301562 0.532812 0.298438 0.535938 0.295312 0.535938 0.292188 0.5375 0.290625 0.5375 0.2875 0.542188 0.282812 0.542188 0.28125 0.54375 0.279688 0.545312 0.279688 0.546875 0.278125 0.548438 0.278125 0.55 0.276562 0.551562 0.276562 0.551562 0.275 0.55625 0.270312 0.55625 0.265625 0.557812 0.264062 0.557812 0.2625 0.55625 0.260938 0.55625 0.25625 0.551562 0.251563 0.551562 0.25 0.546875 0.25 0.545312 0.248438 0.529688 0.248438 0.528125 0.246875 0.528125 0.245312 0.523438 0.245312 0.521875 0.24375 0.520312 0.24375 0.517188 0.240625 0.517188 0.239062 0.515625 0.2375 0.514062 0.2375 0.510938 0.234375 0.510938 0.232812 0.507812 0.229688 0.50625 0.229688 0.504687 0.228125 0.504687 0.225 0.501562 0.221875 0.501562 0.220312 0.5 0.220312 0.496875 0.217188 0.492188 0.217188 0.490625 0.215625 0.490625 0.214062 0.490625 0.215625 0.489062 0.217188 0.484375 0.217188 0.48125 0.220312 0.48125 0.221875 0.479688 0.223438 0.479688 0.225 0.478125 0.226562 0.476562 0.226562 0.475 0.225 0.476562 0.223438 0.476562 0.21875 0.478125 0.217188 0.476562 0.215625 0.476562 0.210938 0.475 0.209375 0.475 0.20625 0.473438 0.204688 0.475 0.203125 0.475 0.2 0.476562 0.198438 0.478125 0.198438 0.48125 0.201562 0.48125 0.203125 0.484375 0.203125 0.485938 0.204688 0.490625 0.204688 0.492188 0.203125 0.495312 0.203125 0.495312 0.201562 0.5 0.196875 0.5125 0.196875 0.514062 0.198438 0.517188 0.198438 0.51875 0.2 0.526562 0.2 0.528125 0.201562 0.528125 0.203125 0.529688 0.203125 0.532812 0.20625 0.532812 0.209375 0.5375 0.214062 0.5375 0.215625 0.542188 0.220312 0.542188 0.221875 0.54375 0.223438 0.545312 0.223438 0.546875 0.225 0.55 0.225 0.551562 0.226562 0.551562 0.228125 0.55625 0.228125 0.55625 0.226562 0.557812 0.225 0.570312 0.225 0.571875 0.226562 0.571875 0.228125 0.573438 0.228125 0.575 0.229688 0.576562 0.229688 0.578125 0.23125 0.58125 0.23125 0.582812 0.232812 0.582812 0.234375 0.584375 0.235938 0.585938 0.235938 0.5875 0.2375 0.589062 0.2375 0.590625 0.239062 0.590625 0.240625 0.592188 0.242188 0.590625 0.24375 0.5875 0.24375 0.585938 0.245312 0.585938 0.246875 0.582812 0.25 0.582812 0.264062 0.5875 0.26875 0.5875 0.270312 0.590625 0.270312 0.592188 0.271875 0.609375 0.271875 0.610938 0.273438 0.610938 0.301562 0.6125 0.303125 0.6125 0.309375 0.615625 0.3125 0.615625 0.315625 0.61875 0.31875 0.61875 0.320312 0.620312 0.321875 0.623438 0.321875 0.625 0.323438 0.626562 0.321875 0.629688 0.321875 0.63125 0.320312 0.63125 0.31875 0.635938 0.314062 0.635938 0.309375 0.6375 0.307812 0.6375 0.30625 0.640625 0.303125 0.653125 0.303125 0.65625 0.30625 0.65625 0.307812 0.660938 0.3125 0.660938 0.315625 0.6625 0.317188 0.6625 0.320312 0.664062 0.321875 0.664062 0.323438 0.665625 0.325 0.665625 0.326562 0.670312 0.33125 0.670312 0.332812 0.671875 0.334375 0.673438 0.334375 0.675 0.335938 0.675 0.3375 0.678125 0.3375 0.678125 0.335938 0.679688 0.334375 0.68125 0.334375 0.682812 0.332812 0.682812 0.33125 0.685938 0.328125 0.685938 0.323438 0.6875 0.321875 0.6875 0.317188 0.690625 0.314062 0.69375 0.314062 0.695312 0.315625 0.698438 0.315625 0.7 0.314062 0.703125 0.314062 0.704688 0.315625 0.70625 0.315625 0.709375 0.31875 0.709375 0.320312 0.714062 0.325 0.714062 0.328125 0.715625 0.329688 0.715625 0.346875 0.717188 0.348438 0.717188 0.35 0.720312 0.353125 0.723438 0.353125 0.725 0.354688 0.725 0.35625 0.726562 0.35625 0.726562 0.354688 0.728125 0.353125 0.73125 0.353125 0.734375 0.35 0.734375 0.348438 0.735938 0.346875 0.735938 0.345312 0.7375 0.34375 0.7375 0.340625 0.740625 0.3375 0.740625 0.335938 0.74375 0.332812 0.74375 0.33125 0.748438 0.326562 0.748438 0.325 0.751562 0.321875 0.754688 0.321875 0.75625 0.323438 0.75625 0.326562 0.753125 0.329688 0.753125 0.3375 0.751562 0.339062 0.753125 0.340625 0.753125 0.346875 0.754688 0.348438 0.754688 0.35 0.757812 0.353125 0.760938 0.353125 0.7625 0.354688 0.7625 0.35625 0.764062 0.35625 0.764062 0.354688 0.765625 0.353125 0.771875 0.353125 0.773438 0.351562 0.776562 0.351562 0.778125 0.35 0.78125 0.35 0.785938 0.354688 0.785938 0.357812 0.782812 0.360938 0.778125 0.360938 0.778125 0.3625 0.776562 0.364062 0.754688 0.364062 0.751562 0.367188 0.751562 0.36875 0.75 0.370312 0.75 0.376562 0.748438 0.378125 0.748438 0.38125 0.75 0.382812 0.75 0.395312 0.746875 0.398438 0.746875 0.4 0.74375 0.403125 0.74375 0.41875 0.746875 0.421875 0.746875 0.425 0.748438 0.426562 0.748438 0.43125 0.745312 0.434375 0.740625 0.434375 0.740625 0.435938 0.735938 0.440625 0.735938 0.457812 0.734375 0.459375 0.732812 0.459375 0.732812 0.460938 0.729688 0.464062 0.726562 0.464062 0.725 0.465625 0.721875 0.465625 0.721875 0.467188 0.71875 0.470312 0.717188 0.470312 0.715625 0.471875 0.715625 0.473438 0.710938 0.478125 0.710938 0.485938 0.709375 0.4875 0.709375 0.492188 0.710938 0.49375 0.710938 0.5 0.7125 0.501562 0.7125 0.504687 0.714062 0.50625 0.714062 0.510938 0.715625 0.5125 0.715625 0.515625 0.710938 0.520312 0.710938 0.521875 0.70625 0.526562 0.70625 0.528125 0.703125 0.53125 0.7 0.53125 0.698438 0.529688 0.695312 0.529688 0.69375 0.528125 0.69375 0.526562 0.692188 0.526562 0.690625 0.525 0.689062 0.525 0.6875 0.523438 0.682812 0.523438 0.68125 0.521875 0.68125 0.520312 0.68125 0.521875 0.679688 0.523438 0.675 0.523438 0.671875 0.526562 0.671875 0.528125 0.670312 0.529688 0.670312 0.54375 0.671875 0.545312 0.671875 0.546875 0.676562 0.551562 0.676562 0.553125 0.68125 0.557812 0.68125 0.559375 0.682812 0.560938 0.684375 0.560938 0.6875 0.564062 0.6875 0.565625 0.689062 0.567188 0.689062 0.56875 0.690625 0.570312 0.690625 0.578125 0.692188 0.579688 0.692188 0.58125 0.69375 0.582812 0.69375 0.585938 0.695312 0.5875 0.695312 0.589062 0.698438 0.592188 0.701562 0.592188 0.703125 0.59375 0.703125 0.595312 0.703125 0.59375 0.704688 0.592188 0.707812 0.592188 0.710938 0.589062 0.710938 0.5875 0.714062 0.584375 0.715625 0.585938 0.715625 0.589062 0.717188 0.590625 0.717188 0.596875 0.715625 0.598438 0.714062 0.598438 0.7125 0.6 0.707812 0.6 0.707812 0.601562 0.703125 0.60625 0.703125 0.607812 0.701562 0.609375 0.701562 0.621875 0.704688 0.625 0.704688 0.626562 0.70625 0.628125 0.709375 0.628125 0.710938 0.629688 0.717188 0.629688 0.71875 0.628125 0.721875 0.628125 0.723438 0.629688 0.725 0.629688 0.726562 0.63125 0.726562 0.632812 0.729688 0.635938 0.729688 0.639062 0.73125 0.640625 0.73125 0.642188 0.732812 0.64375 0.732812 0.645312 0.734375 0.646875 0.734375 0.648438 0.735938 0.65 0.735938 0.651562 0.7375 0.653125 0.7375 0.654688 0.739062 0.65625 0.739062 0.657812 0.742188 0.660938 0.745312 0.660938 0.746875 0.6625 0.746875 0.664062 0.75 0.664062 0.75 0.6625 0.751562 0.660938 0.754688 0.660938 0.757812 0.657812 0.757812 0.65625 0.759375 0.654688 0.759375 0.65 0.760938 0.648438 0.760938 0.64375 0.759375 0.642188 0.7625 0.639062 0.765625 0.639062 0.765625 0.6375 0.767188 0.635938 0.78125 0.635938 0.782812 0.634375 0.784375 0.634375 0.785938 0.635938 0.7875 0.634375 0.790625 0.634375 0.792188 0.632812 0.792188 0.63125 0.795312 0.628125 0.795312 0.623438 0.796875 0.621875 0.796875 0.615625 0.795312 0.614062 0.795312 0.609375 0.79375 0.607812 0.79375 0.604688 0.792188 0.603125 0.792188 0.598438 0.790625 0.596875 0.790625 0.592188 0.79375 0.589062 0.796875 0.589062 0.796875 0.5875 0.798438 0.585938 0.801562 0.585938 0.803125 0.584375 0.80625 0.584375 0.80625 0.582812 0.810938 0.578125 0.810938 0.573438 0.8125 0.571875 0.8125 0.570312 0.810938 0.56875 0.810938 0.564062 0.80625 0.559375 0.80625 0.557812 0.801562 0.557812 0.798438 0.554688 0.798438 0.551562 0.8 0.55 0.8 0.545312 0.801562 0.54375 0.801562 0.542188 0.803125 0.540625 0.803125 0.535938 0.804688 0.534375 0.804688 0.53125 0.807812 0.528125 0.807812 0.525 0.809375 0.523438 0.809375 0.520312 0.810938 0.51875 0.810938 0.517188 0.8125 0.515625 0.8125 0.510938 0.814062 0.509375 0.814062 0.50625 0.817188 0.503125 0.81875 0.503125 0.81875 0.501562 0.821875 0.498438 0.821875 0.496875 0.826562 0.492188 0.826562 0.490625 0.829688 0.4875 0.829688 0.484375 0.83125 0.482812 0.83125 0.48125 0.832812 0.479688 0.832812 0.476562 0.834375 0.475 0.834375 0.470312 0.835938 0.46875 0.835938 0.465625 0.8375 0.464062 0.8375 0.459375 0.840625 0.45625 0.840625 0.453125 0.842188 0.451562 0.842188 0.45 0.84375 0.448438 0.84375 0.446875 0.848438 0.442188 0.848438 0.440625 0.853125 0.435938 0.853125 0.434375 0.854688 0.432812 0.854688 0.43125 0.85625 0.429688 0.857812 0.429688 0.857812 0.428125 0.8625 0.423438 0.8625 0.421875 0.865625 0.41875 0.867188 0.41875 0.86875 0.417188 0.86875 0.415625 0.871875 0.4125 0.873438 0.4125 0.873438 0.410938 0.878125 0.40625 0.878125 0.404688 0.882812 0.4 0.882812 0.398438 0.885938 0.395312 0.8875 0.395312 0.8875 0.392188 0.890625 0.389062 0.892188 0.389062 0.89375 0.3875 0.89375 0.385938 0.898438 0.38125 0.9 0.38125 0.9 0.379688 0.904688 0.375 0.904688 0.373438 0.90625 0.371875 0.90625 0.367188 0.909375 0.364062 0.909375 0.360938 0.910938 0.359375 0.910938 0.354688 0.915625 0.35 0.915625 0.348438 0.917188 0.346875 0.917188 0.342188 0.91875 0.340625 0.91875 0.339062 0.920312 0.3375 0.920312 0.33125 0.921875 0.329688 0.921875 0.323438 0.925 0.320312 0.925 0.31875 0.928125 0.315625 0.928125 0.3125 0.929688 0.310938 0.929688 0.309375 0.93125 0.307812 0.93125 0.304688 0.932812 0.303125 0.932812 0.3 0.934375 0.298438 0.934375 0.29375 0.935938 0.292188 0.935938 0.2875 0.9375 0.285938 0.9375 0.28125 0.939062 0.279688 0.939062 0.278125 0.940625 0.276562 0.940625 0.271875 0.942188 0.270312 0.942188 0.265625 0.94375 0.264062 0.94375 0.259375 0.945312 0.257812 0.945312 0.253125 0.946875 0.251563 0.946875 0.229688 0.948438 0.228125 0.948438 0.165625 0.946875 0.164062 0.946875 0.159375 0.945312 0.157812 0.945312 0.153125 0.942188 0.15 0.942188 0.146875 0.9375 0.142188 0.9375 0.140625 0.934375 0.1375 0.934375 0.13125 0.932812 0.129688 0.932812 0.128125 0.934375 0.126562 0.9375 0.126562 0.939062 0.125 0.942188 0.125 0.94375 0.123438 0.94375 0.121875 0.946875 0.11875 0.946875 0.115625 0.948438 0.114062 0.948438 0.1125 0.95 0.110938 0.95 0.10625 0.951562 0.104688 0.951562 0.101562 0.954688 0.098438 0.954688 0.096875 0.95625 0.095312 0.95625 0.09375 0.957812 0.092188 0.957812 0.090625 0.960938 0.0875 0.9625 0.0875 0.964062 0.085938 0.964062 0.084375 0.967188 0.08125 0.967188 0.079688 0.971875 0.075 0.975 0.075 0.975 0.073438 0.978125 0.070312 0.979688 0.070312 0.98125 0.06875 0.98125 0.067188 0.985938 0.0625 0.985938 0.059375 0.989062 0.05625 0.989062 0.053125 0.992188 0.05 0.992188 0.048438 0.99375 0.046875 0.995312 0.046875 0.996875 0.045312 0.998438 0.045312 0.998438 0.0
2 0.998438 0.55625 0.998438 0.559375 0.996875 0.560938 0.996875 0.5625 0.995312 0.564062 0.995312 0.567188 0.992188 0.570312 0.992188 0.573438 0.990625 0.575 0.990625 0.578125 0.989062 0.579688 0.989062 0.58125 0.9875 0.582812 0.9875 0.589062 0.985938 0.590625 0.985938 0.592188 0.984375 0.59375 0.984375 0.595312 0.98125 0.598438 0.98125 0.601562 0.978125 0.604688 0.978125 0.607812 0.973438 0.6125 0.973438 0.615625 0.971875 0.617188 0.971875 0.620312 0.970312 0.621875 0.970312 0.623438 0.96875 0.625 0.96875 0.626562 0.967188 0.628125 0.967188 0.629688 0.965625 0.63125 0.965625 0.634375 0.9625 0.6375 0.9625 0.640625 0.960938 0.642188 0.960938 0.645312 0.959375 0.646875 0.959375 0.648438 0.957812 0.65 0.957812 0.651562 0.95625 0.653125 0.95625 0.654688 0.954688 0.65625 0.954688 0.659375 0.953125 0.660938 0.953125 0.664062 0.951562 0.665625 0.951562 0.670312 0.95 0.671875 0.95 0.676562 0.948438 0.678125 0.948438 0.68125 0.946875 0.682812 0.946875 0.6875 0.945312 0.689062 0.945312 0.69375 0.94375 0.695312 0.94375 0.701562 0.942188 0.703125 0.942188 0.7125 0.940625 0.714062 0.940625 0.715625 0.939062 0.717188 0.939062 0.720312 0.9375 0.721875 0.9375 0.725 0.935938 0.726562 0.935938 0.73125 0.934375 0.732812 0.934375 0.739062 0.932812 0.740625 0.932812 0.745312 0.93125 0.746875 0.93125 0.75 0.929688 0.751562 0.929688 0.754688 0.928125 0.75625 0.928125 0.760938 0.926562 0.7625 0.926562 0.76875 0.925 0.770312 0.925 0.775 0.923438 0.776562 0.923438 0.78125 0.921875 0.782812 0.921875 0.7875 0.920312 0.789062 0.920312 0.79375 0.91875 0.795312 0.91875 0.798438 0.917188 0.8 0.917188 0.801562 0.915625 0.803125 0.915625 0.80625 0.914062 0.807812 0.914062 0.810938 0.9125 0.8125 0.9125 0.814062 0.910938 0.815625 0.910938 0.81875 0.909375 0.820312 0.909375 0.823438 0.907812 0.825 0.907812 0.829688 0.90625 0.83125 0.90625 0.835938 0.904688 0.8375 0.904688 0.84375 0.903125 0.845312 0.903125 0.854688 0.901562 0.85625 0.901562 0.875 0.9 0.876562 0.9 0.885938 0.896875 0.889062 0.896875 0.892188 0.89375 0.895312 0.89375 0.896875 0.892188 0.898438 0.892188 0.9 0.890625 0.901562 0.890625 0.903125 0.8875 0.90625 0.885938 0.90625 0.884375 0.907812 0.884375 0.909375 0.879688 0.914062 0.879688 0.915625 0.876562 0.91875 0.876562 0.920312 0.871875 0.925 0.871875 0.926562 0.870312 0.928125 0.870312 0.929688 0.86875 0.93125 0.86875 0.934375 0.867188 0.935938 0.867188 0.939062 0.865625 0.940625 0.865625 0.946875 0.864062 0.948438 0.864062 0.957812 0.859375 0.9625 0.857812 0.9625 0.857812 0.964062 0.853125 0.96875 0.853125 0.970312 0.85 0.973438 0.848438 0.973438 0.846875 0.975 0.846875 0.976562 0.845312 0.978125 0.84375 0.978125 0.840625 0.98125 0.840625 0.982812 0.835938 0.9875 0.835938 0.989062 0.834375 0.990625 0.832812 0.990625 0.829688 0.99375 0.829688 0.995312 0.826562 0.998438 0.825 0.998438 0.932812 0.998438 0.932812 0.996875 0.934375 0.995312 0.934375 0.990625 0.935938 0.989062 0.935938 0.979688 0.939062 0.976562 0.939062 0.975 0.94375 0.970312 0.94375 0.96875 0.945312 0.967188 0.945312 0.965625 0.946875 0.964062 0.946875 0.9625 0.951562 0.957812 0.951562 0.954688 0.954688 0.951562 0.954688 0.95 0.95625 0.948438 0.95625 0.946875 0.957812 0.945312 0.957812 0.94375 0.959375 0.942188 0.959375 0.940625 0.960938 0.939062 0.960938 0.9375 0.9625 0.935938 0.9625 0.934375 0.964062 0.932812 0.964062 0.929688 0.965625 0.928125 0.965625 0.925 0.967188 0.923438 0.967188 0.921875 0.96875 0.920312 0.96875 0.914062 0.970312 0.9125 0.970312 0.907812 0.971875 0.90625 0.971875 0.895312 0.973438 0.89375 0.973438 0.875 0.975 0.873438 0.975 0.867188 0.976562 0.865625 0.976562 0.857812 0.978125 0.85625 0.978125 0.854688 0.979688 0.853125 0.979688 0.85 0.98125 0.848438 0.98125 0.845312 0.982812 0.84375 0.982812 0.842188 0.984375 0.840625 0.984375 0.8375 0.985938 0.835938 0.985938 0.83125 0.9875 0.829688 0.9875 0.825 0.989062 0.823438 0.989062 0.820312 0.990625 0.81875 0.990625 0.814062 0.992188 0.8125 0.992188 0.807812 0.99375 0.80625 0.99375 0.803125 0.995312 0.801562 0.995312 0.796875 0.996875 0.795312 0.996875 0.789062 0.998438 0.7875
2 0.303125 0.259375 0.301562 0.260938 0.3 0.260938 0.298438 0.2625 0.298438 0.264062 0.296875 0.265625 0.276562 0.265625 0.275 0.264062 0.275 0.2625 0.270312 0.2625 0.270312 0.264062 0.26875 0.265625 0.2625 0.265625 0.260938 0.267188 0.248438 0.267188 0.246875 0.265625 0.23125 0.265625 0.229688 0.267188 0.228125 0.267188 0.226562 0.26875 0.225 0.26875 0.225 0.271875 0.221875 0.275 0.221875 0.282812 0.223438 0.284375 0.225 0.282812 0.225 0.28125 0.228125 0.278125 0.229688 0.279688 0.229688 0.282812 0.228125 0.284375 0.273438 0.284375 0.275 0.285938 0.2875 0.285938 0.289062 0.2875 0.289062 0.289062 0.290625 0.289062 0.295312 0.29375 0.295312 0.295312 0.296875 0.295312 0.301562 0.3 0.301562 0.301562 0.303125 0.303125 0.303125 0.304688 0.304688 0.30625 0.304688 0.321875 0.30625 0.323438 0.30625 0.378125 0.304688 0.379688 0.304688 0.382812 0.301562 0.385938 0.301562 0.3875 0.298438 0.390625 0.271875 0.390625 0.270312 0.392188 0.234375 0.392188 0.232812 0.390625 0.23125 0.390625 0.229688 0.389062 0.228125 0.389062 0.226562 0.3875 0.226562 0.385938 0.221875 0.38125 0.221875 0.379688 0.21875 0.379688 0.217188 0.378125 0.215625 0.378125 0.2125 0.375 0.2125 0.371875 0.210938 0.370312 0.210938 0.30625 0.209375 0.304688 0.209375 0.303125 0.210938 0.301562 0.210938 0.296875 0.209375 0.296875 0.207812 0.295312 0.207812 0.29375 0.207812 0.295312 0.20625 0.296875 0.204688 0.296875 0.201562 0.3 0.196875 0.3 0.196875 0.301562 0.195312 0.303125 0.190625 0.303125 0.189062 0.304688 0.1875 0.304688 0.185938 0.30625 0.185938 0.309375 0.184375 0.310938 0.184375 0.314062 0.182812 0.315625 0.182812 0.317188 0.18125 0.31875 0.18125 0.323438 0.179688 0.325 0.179688 0.326562 0.176562 0.329688 0.175 0.329688 0.173438 0.33125 0.170312 0.33125 0.170312 0.332812 0.16875 0.334375 0.167188 0.334375 0.165625 0.335938 0.165625 0.339062 0.164062 0.340625 0.164062 0.34375 0.159375 0.348438 0.157812 0.348438 0.157812 0.35 0.15625 0.351562 0.154688 0.351562 0.151562 0.354688 0.151562 0.357812 0.148438 0.360938 0.148438 0.3625 0.146875 0.364062 0.145312 0.364062 0.14375 0.365625 0.14375 0.36875 0.140625 0.371875 0.140625 0.375 0.139062 0.376562 0.139062 0.378125 0.1375 0.379688 0.1375 0.38125 0.135938 0.382812 0.134375 0.382812 0.134375 0.384375 0.132812 0.385938 0.13125 0.385938 0.13125 0.3875 0.126562 0.392188 0.126562 0.39375 0.123438 0.396875 0.123438 0.4 0.120312 0.403125 0.120312 0.409375 0.11875 0.410938 0.117188 0.410938 0.117188 0.4125 0.115625 0.414062 0.110938 0.414062 0.109375 0.415625 0.10625 0.415625 0.10625 0.417188 0.104688 0.41875 0.103125 0.41875 0.1 0.421875 0.1 0.423438 0.096875 0.426562 0.096875 0.429688 0.095312 0.43125 0.095312 0.432812 0.09375 0.434375 0.09375 0.439062 0.095312 0.440625 0.095312 0.44375 0.096875 0.445312 0.096875 0.448438 0.098438 0.45 0.098438 0.457812 0.1 0.459375 0.1 0.4625 0.101562 0.464062 0.101562 0.467188 0.10625 0.471875 0.10625 0.473438 0.107812 0.475 0.10625 0.476562 0.10625 0.495312 0.104688 0.496875 0.104688 0.504687 0.10625 0.50625 0.10625 0.510938 0.107812 0.5125 0.107812 0.515625 0.107812 0.514062 0.109375 0.5125 0.109375 0.476562 0.1125 0.473438 0.1125 0.471875 0.114062 0.470312 0.13125 0.470312 0.132812 0.46875 0.139062 0.46875 0.140625 0.467188 0.140625 0.465625 0.145312 0.460938 0.146875 0.460938 0.146875 0.459375 0.148438 0.457812 0.15 0.457812 0.151562 0.45625 0.153125 0.45625 0.154688 0.454688 0.185938 0.454688 0.1875 0.45625 0.189062 0.45625 0.190625 0.457812 0.192188 0.457812 0.19375 0.459375 0.19375 0.460938 0.198438 0.465625 0.198438 0.467188 0.2 0.46875 0.2 0.470312 0.201562 0.471875 0.201562 0.475 0.203125 0.476562 0.203125 0.495312 0.201562 0.496875 0.201562 0.498438 0.2 0.5 0.2 0.54375 0.198438 0.545312 0.198438 0.546875 0.19375 0.551562 0.18125 0.551562 0.18125 0.553125 0.179688 0.554688 0.1625 0.554688 0.160938 0.55625 0.125 0.55625 0.123438 0.554688 0.120312 0.554688 0.11875 0.553125 0.11875 0.551562 0.114062 0.546875 0.114062 0.542188 0.1125 0.540625 0.1125 0.535938 0.110938 0.534375 0.110938 0.532812 0.110938 0.534375 0.109375 0.535938 0.109375 0.5375 0.110938 0.539062 0.110938 0.553125 0.114062 0.55625 0.114062 0.565625 0.115625 0.567188 0.115625 0.56875 0.117188 0.570312 0.117188 0.571875 0.11875 0.573438 0.11875 0.575 0.120312 0.576562 0.120312 0.584375 0.11875 0.585938 0.117188 0.585938 0.115625 0.5875 0.114062 0.5875 0.114062 0.595312 0.11875 0.6 0.11875 0.601562 0.120312 0.601562 0.121875 0.603125 0.123438 0.603125 0.125 0.604688 0.128125 0.604688 0.129688 0.60625 0.129688 0.607812 0.132812 0.610938 0.1375 0.610938 0.139062 0.6125 0.139062 0.615625 0.140625 0.617188 0.140625 0.620312 0.142188 0.621875 0.142188 0.623438 0.14375 0.625 0.14375 0.632812 0.142188 0.634375 0.142188 0.635938 0.140625 0.6375 0.140625 0.640625 0.139062 0.642188 0.139062 0.648438 0.140625 0.65 0.140625 0.653125 0.14375 0.65625 0.14375 0.657812 0.145312 0.659375 0.146875 0.659375 0.148438 0.660938 0.154688 0.660938 0.15625 0.6625 0.15625 0.664062 0.157812 0.664062 0.160938 0.667188 0.160938 0.66875 0.1625 0.670312 0.1625 0.671875 0.164062 0.673438 0.164062 0.684375 0.165625 0.685938 0.165625 0.689062 0.167188 0.690625 0.189062 0.690625 0.190625 0.692188 0.190625 0.69375 0.203125 0.69375 0.203125 0.692188 0.20625 0.689062 0.209375 0.689062 0.210938 0.6875 0.210938 0.685938 0.2125 0.684375 0.214062 0.684375 0.215625 0.682812 0.220312 0.682812 0.223438 0.685938 0.223438 0.6875 0.225 0.689062 0.225 0.690625 0.226562 0.692188 0.226562 0.695312 0.228125 0.696875 0.228125 0.7 0.229688 0.701562 0.229688 0.703125 0.23125 0.704688 0.23125 0.70625 0.246875 0.70625 0.25 0.709375 0.25 0.7125 0.253125 0.715625 0.253125 0.71875 0.257812 0.723438 0.257812 0.725 0.259375 0.726562 0.259375 0.74375 0.260938 0.745312 0.260938 0.75 0.2625 0.751562 0.2625 0.75625 0.264062 0.757812 0.264062 0.760938 0.265625 0.7625 0.265625 0.764062 0.267188 0.765625 0.267188 0.76875 0.26875 0.770312 0.26875 0.773438 0.270312 0.775 0.270312 0.776562 0.271875 0.778125 0.271875 0.78125 0.273438 0.782812 0.273438 0.785938 0.275 0.7875 0.275 0.789062 0.276562 0.790625 0.276562 0.795312 0.278125 0.796875 0.278125 0.801562 0.279688 0.803125 0.279688 0.807812 0.28125 0.809375 0.28125 0.817188 0.282812 0.81875 0.282812 0.823438 0.284375 0.825 0.284375 0.829688 0.285938 0.83125 0.285938 0.835938 0.2875 0.8375 0.2875 0.842188 0.289062 0.84375 0.289062 0.846875 0.290625 0.848438 0.290625 0.85 0.292188 0.851562 0.292188 0.854688 0.295312 0.857812 0.295312 0.859375 0.296875 0.860938 0.296875 0.8625 0.298438 0.864062 0.298438 0.867188 0.3 0.86875 0.3 0.871875 0.304688 0.876562 0.304688 0.879688 0.307812 0.882812 0.307812 0.885938 0.309375 0.8875 0.309375 0.890625 0.314062 0.895312 0.314062 0.898438 0.315625 0.9 0.317188 0.9 0.31875 0.901562 0.31875 0.903125 0.320312 0.904688 0.320312 0.90625 0.321875 0.907812 0.321875 0.909375 0.326562 0.914062 0.326562 0.915625 0.329688 0.91875 0.329688 0.920312 0.334375 0.925 0.334375 0.926562 0.3375 0.929688 0.3375 0.932812 0.342188 0.9375 0.342188 0.940625 0.345312 0.94375 0.345312 0.945312 0.346875 0.946875 0.346875 0.948438 0.348438 0.95 0.348438 0.951562 0.35 0.951562 0.353125 0.954688 0.353125 0.957812 0.357812 0.9625 0.357812 0.964062 0.359375 0.965625 0.360938 0.965625 0.364062 0.96875 0.364062 0.970312 0.367188 0.973438 0.367188 0.976562 0.371875 0.98125 0.371875 0.982812 0.376562 0.9875 0.376562 0.989062 0.378125 0.989062 0.382812 0.99375 0.382812 0.995312 0.385938 0.998438 0.532812 0.998438 0.529688 0.998438 0.528125 0.996875 0.525 0.996875 0.523438 0.995312 0.523438 0.99375 0.521875 0.99375 0.520312 0.992188 0.51875 0.992188 0.517188 0.990625 0.514062 0.990625 0.5125 0.989062 0.5125 0.9875 0.495312 0.9875 0.49375 0.985938 0.489062 0.985938 0.4875 0.984375 0.485938 0.984375 0.484375 0.982812 0.484375 0.98125 0.482812 0.98125 0.478125 0.976562 0.478125 0.975 0.476562 0.975 0.473438 0.971875 0.471875 0.971875 0.470312 0.970312 0.470312 0.96875 0.46875 0.967188 0.467188 0.967188 0.464062 0.964062 0.464062 0.9625 0.4625 0.9625 0.457812 0.957812 0.457812 0.95625 0.453125 0.951562 0.453125 0.95 0.448438 0.945312 0.448438 0.94375 0.44375 0.939062 0.44375 0.9375 0.439062 0.932812 0.439062 0.93125 0.434375 0.926562 0.434375 0.925 0.429688 0.920312 0.429688 0.91875 0.426562 0.915625 0.426562 0.914062 0.425 0.914062 0.420312 0.909375 0.420312 0.907812 0.41875 0.90625 0.41875 0.904688 0.417188 0.903125 0.417188 0.901562 0.4125 0.896875 0.4125 0.895312 0.407812 0.890625 0.407812 0.889062 0.403125 0.884375 0.403125 0.882812 0.4 0.879688 0.4 0.876562 0.395312 0.871875 0.395312 0.870312 0.390625 0.865625 0.390625 0.8625 0.3875 0.859375 0.3875 0.857812 0.382812 0.853125 0.382812 0.851562 0.378125 0.846875 0.378125 0.845312 0.373438 0.840625 0.373438 0.839062 0.371875 0.8375 0.371875 0.835938 0.370312 0.834375 0.370312 0.832812 0.36875 0.83125 0.36875 0.828125 0.367188 0.826562 0.367188 0.825 0.365625 0.823438 0.365625 0.821875 0.3625 0.81875 0.3625 0.815625 0.359375 0.8125 0.359375 0.809375 0.357812 0.807812 0.357812 0.80625 0.35625 0.804688 0.35625 0.803125 0.354688 0.801562 0.354688 0.8 0.353125 0.798438 0.353125 0.79375 0.351562 0.792188 0.351562 0.784375 0.35 0.782812 0.35 0.778125 0.348438 0.776562 0.348438 0.771875 0.346875 0.770312 0.346875 0.765625 0.345312 0.764062 0.345312 0.759375 0.34375 0.757812 0.34375 0.753125 0.342188 0.751562 0.342188 0.748438 0.340625 0.746875 0.340625 0.745312 0.339062 0.74375 0.339062 0.739062 0.3375 0.7375 0.3375 0.734375 0.335938 0.732812 0.335938 0.729688 0.332812 0.726562 0.332812 0.721875 0.33125 0.720312 0.33125 0.715625 0.329688 0.714062 0.329688 0.709375 0.328125 0.707812 0.328125 0.703125 0.326562 0.701562 0.326562 0.698438 0.325 0.696875 0.326562 0.695312 0.328125 0.695312 0.329688 0.69375 0.329688 0.692188 0.334375 0.6875 0.334375 0.685938 0.3375 0.682812 0.3375 0.679688 0.342188 0.675 0.34375 0.675 0.34375 0.673438 0.345312 0.671875 0.351562 0.671875 0.353125 0.670312 0.35625 0.670312 0.357812 0.66875 0.357812 0.667188 0.359375 0.665625 0.360938 0.665625 0.3625 0.664062 0.3625 0.6625 0.364062 0.660938 0.365625 0.660938 0.36875 0.657812 0.36875 0.654688 0.371875 0.651562 0.371875 0.648438 0.375 0.645312 0.376562 0.645312 0.376562 0.64375 0.379688 0.640625 0.38125 0.640625 0.382812 0.639062 0.382812 0.6375 0.3875 0.632812 0.3875 0.63125 0.389062 0.629688 0.389062 0.628125 0.390625 0.626562 0.390625 0.621875 0.392188 0.620312 0.392188 0.61875 0.39375 0.617188 0.395312 0.617188 0.396875 0.61875 0.396875 0.620312 0.398438 0.620312 0.398438 0.61875 0.403125 0.614062 0.403125 0.603125 0.404688 0.601562 0.404688 0.598438 0.407812 0.595312 0.407812 0.59375 0.410938 0.590625 0.410938 0.582812 0.40625 0.578125 0.40625 0.570312 0.407812 0.56875 0.410938 0.56875 0.414062 0.565625 0.414062 0.55625 0.417188 0.553125 0.423438 0.553125 0.423438 0.551562 0.426562 0.548438 0.426562 0.542188 0.428125 0.540625 0.428125 0.523438 0.426562 0.521875 0.426562 0.514062 0.425 0.5125 0.425 0.496875 0.423438 0.495312 0.423438 0.4875 0.421875 0.485938 0.421875 0.46875 0.420312 0.467188 0.420312 0.459375 0.41875 0.457812 0.41875 0.403125 0.417188 0.401562 0.417188 0.398438 0.414062 0.395312 0.4125 0.395312 0.410938 0.39375 0.410938 0.392188 0.409375 0.390625 0.407812 0.390625 0.40625 0.389062 0.404688 0.389062 0.403125 0.3875 0.403125 0.385938 0.401562 0.385938 0.396875 0.38125 0.396875 0.365625 0.395312 0.364062 0.395312 0.359375 0.39375 0.357812 0.39375 0.353125 0.392188 0.351562 0.392188 0.348438 0.3875 0.34375 0.3875 0.342188 0.385938 0.342188 0.384375 0.340625 0.379688 0.340625 0.376562 0.3375 0.376562 0.334375 0.375 0.332812 0.375 0.329688 0.371875 0.326562 0.371875 0.325 0.36875 0.321875 0.367188 0.321875 0.365625 0.320312 0.365625 0.31875 0.364062 0.31875 0.3625 0.317188 0.360938 0.317188 0.357812 0.314062 0.357812 0.310938 0.35625 0.309375 0.357812 0.307812 0.357812 0.30625 0.35625 0.304688 0.35625 0.303125 0.354688 0.301562 0.354688 0.3 0.35 0.295312 0.35 0.29375 0.348438 0.292188 0.348438 0.290625 0.346875 0.289062 0.346875 0.2875 0.345312 0.2875 0.34375 0.285938 0.340625 0.285938 0.339062 0.2875 0.3375 0.2875 0.3375 0.289062 0.335938 0.290625 0.334375 0.289062 0.334375 0.2875 0.332812 0.285938 0.332812 0.284375 0.33125 0.282812 0.33125 0.273438 0.329688 0.271875 0.329688 0.26875 0.325 0.264062 0.325 0.2625 0.323438 0.2625 0.321875 0.260938 0.315625 0.260938 0.314062 0.259375
4 0.348438 0.401562 0.346875 0.403125 0.334375 0.403125 0.332812 0.404688 0.3125 0.404688 0.3125 0.40625 0.310938 0.407812 0.289062 0.407812 0.2875 0.409375 0.267188 0.409375 0.265625 0.410938 0.24375 0.410938 0.24375 0.4125 0.242188 0.414062 0.221875 0.414062 0.220312 0.415625 0.2125 0.415625 0.2125 0.435938 0.214062 0.4375 0.214062 0.470312 0.215625 0.471875 0.215625 0.50625 0.217188 0.507812 0.217188 0.542188 0.21875 0.54375 0.21875 0.578125 0.220312 0.579688 0.220312 0.592188 0.235938 0.592188 0.2375 0.590625 0.270312 0.590625 0.271875 0.589062 0.304688 0.589062 0.304688 0.5875 0.30625 0.585938 0.340625 0.585938 0.342188 0.584375 0.353125 0.584375 0.353125 0.554688 0.351562 0.553125 0.351562 0.490625 0.35 0.489062 0.35 0.428125 0.348438 0.426562
